-- MySQL dump 10.13  Distrib 5.7.18, for Linux (x86_64)
--
-- Host: 127.0.0.1    Database: authority
-- ------------------------------------------------------
-- Server version	5.6.27-enterprise-commercial-advanced

/*!40101 SET @OLD_CHARACTER_SET_CLIENT=@@CHARACTER_SET_CLIENT */;
/*!40101 SET @OLD_CHARACTER_SET_RESULTS=@@CHARACTER_SET_RESULTS */;
/*!40101 SET @OLD_COLLATION_CONNECTION=@@COLLATION_CONNECTION */;
/*!40101 SET NAMES utf8 */;
/*!40103 SET @OLD_TIME_ZONE=@@TIME_ZONE */;
/*!40103 SET TIME_ZONE='+00:00' */;
/*!40014 SET @OLD_UNIQUE_CHECKS=@@UNIQUE_CHECKS, UNIQUE_CHECKS=0 */;
/*!40014 SET @OLD_FOREIGN_KEY_CHECKS=@@FOREIGN_KEY_CHECKS, FOREIGN_KEY_CHECKS=0 */;
/*!40101 SET @OLD_SQL_MODE=@@SQL_MODE, SQL_MODE='NO_AUTO_VALUE_ON_ZERO' */;
/*!40111 SET @OLD_SQL_NOTES=@@SQL_NOTES, SQL_NOTES=0 */;

--
-- Dumping data for table `authority_resources`
--

LOCK TABLES `authority_resources` WRITE;
/*!40000 ALTER TABLE `authority_resources` DISABLE KEYS */;
INSERT INTO `authority_resources` VALUES ('00e48db0cfb44b1d9a50edd68bea0b4c',NULL,'77392eabc6fc4c959e1d1f6fdaf7e322',1,'/user/isRepeat',3,4,'c91b20235a9640fd853b077df24ae792',NULL,'2017-06-05 09:03:29','de0c7b2480494fda98db82f7a4707649',NULL,NULL,2,NULL,NULL),('08f015f005494787b359c8466d672a6d',NULL,'77392eabc6fc4c959e1d1f6fdaf7e322',1,'/platform/getStatusList',3,2,'4dfb7bb156c541329b0afaa986d4abaf',NULL,'2017-06-05 08:58:12','de0c7b2480494fda98db82f7a4707649',NULL,NULL,2,NULL,NULL),('09d7196f8669456d98f98f95c7901064',NULL,'77392eabc6fc4c959e1d1f6fdaf7e322',1,'/platform/delete',3,6,'4dfb7bb156c541329b0afaa986d4abaf',NULL,'2017-06-05 08:59:43','de0c7b2480494fda98db82f7a4707649',NULL,NULL,2,NULL,NULL),('10930467401b4d4eae93b37e7ac63a7b','权限平台','77392eabc6fc4c959e1d1f6fdaf7e322',1,'/',1,1,'#',NULL,'2017-06-05 08:52:53','de0c7b2480494fda98db82f7a4707649',NULL,NULL,2,NULL,NULL),('118c5231a3e149bdab4baa7a3b09bdf9',NULL,'77392eabc6fc4c959e1d1f6fdaf7e322',1,'/resource/platforms',3,2,'1ee9fba591494f8288bb79dceabb248f',NULL,'2017-06-05 09:08:22','de0c7b2480494fda98db82f7a4707649',NULL,NULL,2,NULL,NULL),('1ee9fba591494f8288bb79dceabb248f',NULL,'77392eabc6fc4c959e1d1f6fdaf7e322',1,'/resource',2,4,'10930467401b4d4eae93b37e7ac63a7b',NULL,'2017-06-05 09:06:26','de0c7b2480494fda98db82f7a4707649',NULL,NULL,2,NULL,NULL),('26d2bf7209404d35a264fdf998a06f87',NULL,'77392eabc6fc4c959e1d1f6fdaf7e322',1,'/resource/toTree',3,1,'1ee9fba591494f8288bb79dceabb248f',NULL,'2017-06-05 09:06:51','de0c7b2480494fda98db82f7a4707649',NULL,NULL,2,NULL,NULL),('2785c85e5bba4355afd059ad5a5ddd20',NULL,'77392eabc6fc4c959e1d1f6fdaf7e322',1,'/resource/delete',4,4,'26d2bf7209404d35a264fdf998a06f87',NULL,'2017-06-05 09:07:41','de0c7b2480494fda98db82f7a4707649',NULL,NULL,2,NULL,NULL),('2908c7e9fec74c228891fa3fb754f913',NULL,'60ee8440a9304cfd953411d7e46a3d88',1,'/profile',2,1,'53562599131d4fdfbbd2e8dac03e2c2a',NULL,'2017-07-14 17:17:59','cf43bba747344170853006d9a5ff0678',NULL,NULL,2,NULL,NULL),('2c973393b66d4507aaf3af8873023530',NULL,'60ee8440a9304cfd953411d7e46a3d88',1,'/profile/settings/upload',3,3,'7328d24d4c254118a7d655caf241b9c8',NULL,'2017-07-14 09:40:14','cf43bba747344170853006d9a5ff0678',NULL,NULL,2,NULL,NULL),('2f3133bd6bdf4ea3b6fcef659d232784',NULL,'60ee8440a9304cfd953411d7e46a3d88',1,'/profile/write/upload',3,1,'b153ca2d488846dd81aa19180bfe0564',NULL,'2017-07-12 11:52:22','de0c7b2480494fda98db82f7a4707649',NULL,NULL,2,NULL,NULL),('310942a991dd4900a032bb22f54dca50',NULL,'77392eabc6fc4c959e1d1f6fdaf7e322',1,'/grant/toUser',4,1,'5005693323174073a84e4475b04d581c',NULL,'2017-06-05 09:11:02','de0c7b2480494fda98db82f7a4707649',NULL,NULL,2,NULL,NULL),('368b97414b8e4d5d95c29e9e73bb9884',NULL,'60ee8440a9304cfd953411d7e46a3d88',1,'/profile/settings/getAbout',3,4,'7328d24d4c254118a7d655caf241b9c8',NULL,'2017-07-14 11:16:43','cf43bba747344170853006d9a5ff0678',NULL,NULL,2,NULL,NULL),('3aa38cfa8c7848089414b1038e014e6c',NULL,'77392eabc6fc4c959e1d1f6fdaf7e322',1,'/role/getStatusList',3,2,'a86eceaf4f7d47ecbe119ceb4ca4ebf1',NULL,'2017-06-05 09:05:35','de0c7b2480494fda98db82f7a4707649',NULL,NULL,2,NULL,NULL),('3cec0d0e8ad4460da2ec7b0452202fb5',NULL,'77392eabc6fc4c959e1d1f6fdaf7e322',1,'/user/delete',3,5,'c91b20235a9640fd853b077df24ae792',NULL,'2017-06-05 09:03:04','de0c7b2480494fda98db82f7a4707649',NULL,NULL,2,NULL,NULL),('3d338f5cc063490f8eede33544d08d3e',NULL,'77392eabc6fc4c959e1d1f6fdaf7e322',1,'/grant/grantRoles',4,3,'5005693323174073a84e4475b04d581c',NULL,'2017-06-05 09:11:40','de0c7b2480494fda98db82f7a4707649',NULL,NULL,2,NULL,NULL),('431c2f793e624da698fb37e71e072183',NULL,'77392eabc6fc4c959e1d1f6fdaf7e322',1,'/grant/roles',3,2,'51ba8485f90449448c3c286372bf424c',NULL,'2017-06-05 09:10:27','de0c7b2480494fda98db82f7a4707649',NULL,NULL,2,NULL,NULL),('48ef7e73d6914f10ab30ce2c036c4504',NULL,'77392eabc6fc4c959e1d1f6fdaf7e322',1,'/resource/tree',4,1,'26d2bf7209404d35a264fdf998a06f87',NULL,'2017-06-05 09:07:14','de0c7b2480494fda98db82f7a4707649',NULL,NULL,2,NULL,NULL),('4944df2787f746baa7b67735864b9dd7',NULL,'77392eabc6fc4c959e1d1f6fdaf7e322',1,'/role/list',3,1,'a86eceaf4f7d47ecbe119ceb4ca4ebf1',NULL,'2017-06-05 09:04:36','de0c7b2480494fda98db82f7a4707649',NULL,NULL,2,NULL,NULL),('4cbc5488375f483fa18a7021e8c45874',NULL,'77392eabc6fc4c959e1d1f6fdaf7e322',1,'/user/edit',3,3,'c91b20235a9640fd853b077df24ae792',NULL,'2017-06-05 09:02:50','de0c7b2480494fda98db82f7a4707649',NULL,NULL,2,NULL,NULL),('4dfb7bb156c541329b0afaa986d4abaf',NULL,'77392eabc6fc4c959e1d1f6fdaf7e322',1,'/platform',2,1,'10930467401b4d4eae93b37e7ac63a7b',NULL,'2017-06-05 08:56:33','de0c7b2480494fda98db82f7a4707649',NULL,NULL,2,NULL,NULL),('4e899a30e84e4a4d9dbae4a0c2aa961c',NULL,'77392eabc6fc4c959e1d1f6fdaf7e322',1,'/grant/platformList',4,2,'431c2f793e624da698fb37e71e072183',NULL,'2017-06-05 09:12:08','de0c7b2480494fda98db82f7a4707649',NULL,NULL,2,NULL,NULL),('4fadc803584b43ee83ada262a44fa17d',NULL,'77392eabc6fc4c959e1d1f6fdaf7e322',1,'/role/add',3,2,'a86eceaf4f7d47ecbe119ceb4ca4ebf1',NULL,'2017-06-05 09:04:39','de0c7b2480494fda98db82f7a4707649',NULL,NULL,2,NULL,NULL),('5005693323174073a84e4475b04d581c',NULL,'77392eabc6fc4c959e1d1f6fdaf7e322',1,'/grant/users',3,1,'51ba8485f90449448c3c286372bf424c',NULL,'2017-06-05 09:10:18','de0c7b2480494fda98db82f7a4707649',NULL,NULL,2,NULL,NULL),('51ba8485f90449448c3c286372bf424c',NULL,'77392eabc6fc4c959e1d1f6fdaf7e322',1,'/grant',2,5,'10930467401b4d4eae93b37e7ac63a7b',NULL,'2017-06-05 09:10:10','de0c7b2480494fda98db82f7a4707649',NULL,NULL,2,NULL,NULL),('53562599131d4fdfbbd2e8dac03e2c2a','博客平台','60ee8440a9304cfd953411d7e46a3d88',1,'/',1,1,'#',NULL,'2017-07-12 09:41:05','de0c7b2480494fda98db82f7a4707649',NULL,NULL,2,NULL,NULL),('57158cfe06f64bbb85f7040d999ec7e2',NULL,'77392eabc6fc4c959e1d1f6fdaf7e322',1,'/platform/isRepeat',3,5,'4dfb7bb156c541329b0afaa986d4abaf',NULL,'2017-06-05 09:00:01','de0c7b2480494fda98db82f7a4707649',NULL,NULL,2,NULL,NULL),('5aa4fe3416b84d3cba4ef10825a4b55e',NULL,'77392eabc6fc4c959e1d1f6fdaf7e322',1,'/user/deleteBatch',3,4,'c91b20235a9640fd853b077df24ae792',NULL,'2017-06-05 09:02:57','de0c7b2480494fda98db82f7a4707649',NULL,NULL,2,NULL,NULL),('61fa0daa26b743d58af0deafe1f1b767',NULL,'60ee8440a9304cfd953411d7e46a3d88',1,'/profile/write/save',3,2,'b153ca2d488846dd81aa19180bfe0564',NULL,'2017-07-12 11:52:29','de0c7b2480494fda98db82f7a4707649',NULL,NULL,2,NULL,NULL),('6a94cde7e09f421e93e05c59ef578337',NULL,'77392eabc6fc4c959e1d1f6fdaf7e322',1,'/role/delete',3,5,'a86eceaf4f7d47ecbe119ceb4ca4ebf1',NULL,'2017-06-05 09:05:06','de0c7b2480494fda98db82f7a4707649',NULL,NULL,2,NULL,NULL),('7328d24d4c254118a7d655caf241b9c8',NULL,'60ee8440a9304cfd953411d7e46a3d88',1,'/profile/settings',2,1,'53562599131d4fdfbbd2e8dac03e2c2a',NULL,'2017-07-13 15:35:53','cf43bba747344170853006d9a5ff0678',NULL,NULL,2,NULL,NULL),('77a3b586b5244db0bede2697f6b50b27',NULL,'60ee8440a9304cfd953411d7e46a3d88',1,'/profile/settings/aboutme',3,2,'7328d24d4c254118a7d655caf241b9c8',NULL,'2017-07-14 09:39:56','cf43bba747344170853006d9a5ff0678',NULL,NULL,2,'cf43bba747344170853006d9a5ff0678','2017-07-14 09:40:19'),('86b108c7760e4c9b9fc68c0b1017d814',NULL,'77392eabc6fc4c959e1d1f6fdaf7e322',1,'/platform/list',3,1,'4dfb7bb156c541329b0afaa986d4abaf',NULL,'2017-06-05 08:56:50','de0c7b2480494fda98db82f7a4707649',NULL,NULL,2,NULL,NULL),('9475ce6e373f4c838eddfcb89b4a9247',NULL,'77392eabc6fc4c959e1d1f6fdaf7e322',1,'/user/add',3,2,'c91b20235a9640fd853b077df24ae792',NULL,'2017-06-05 09:02:40','de0c7b2480494fda98db82f7a4707649',NULL,NULL,2,NULL,NULL),('955033fff51141d79d405ed17bea1058',NULL,'77392eabc6fc4c959e1d1f6fdaf7e322',1,'/user/getSelectList',3,2,'c91b20235a9640fd853b077df24ae792',NULL,'2017-06-05 09:03:50','de0c7b2480494fda98db82f7a4707649',NULL,NULL,2,NULL,NULL),('9bca3c96dcd245dabdf4cec1f0707ad9',NULL,'60ee8440a9304cfd953411d7e46a3d88',1,'/profile/settings/title',3,1,'7328d24d4c254118a7d655caf241b9c8',NULL,'2017-07-14 08:49:15','cf43bba747344170853006d9a5ff0678',NULL,NULL,2,NULL,NULL),('a86eceaf4f7d47ecbe119ceb4ca4ebf1',NULL,'77392eabc6fc4c959e1d1f6fdaf7e322',1,'/role',2,3,'10930467401b4d4eae93b37e7ac63a7b',NULL,'2017-06-05 09:04:23','de0c7b2480494fda98db82f7a4707649',NULL,NULL,2,NULL,NULL),('ae55b8e5d78f4b8a941be25fd47397e3',NULL,'77392eabc6fc4c959e1d1f6fdaf7e322',1,'/grant/roleList',4,3,'431c2f793e624da698fb37e71e072183',NULL,'2017-06-05 09:12:25','de0c7b2480494fda98db82f7a4707649',NULL,NULL,2,NULL,NULL),('aec41d16fe084143824331ee18e31510',NULL,'77392eabc6fc4c959e1d1f6fdaf7e322',1,'/platform/deleteBatch',3,5,'4dfb7bb156c541329b0afaa986d4abaf',NULL,'2017-06-05 08:59:22','de0c7b2480494fda98db82f7a4707649',NULL,NULL,2,NULL,NULL),('b153ca2d488846dd81aa19180bfe0564',NULL,'60ee8440a9304cfd953411d7e46a3d88',1,'/profile/write',2,1,'53562599131d4fdfbbd2e8dac03e2c2a',NULL,'2017-07-12 11:52:07','de0c7b2480494fda98db82f7a4707649',NULL,NULL,2,NULL,NULL),('b869a5b1895e44cb84c9a411631dea55',NULL,'77392eabc6fc4c959e1d1f6fdaf7e322',1,'/grant/toRole',4,1,'431c2f793e624da698fb37e71e072183',NULL,'2017-06-05 09:11:57','de0c7b2480494fda98db82f7a4707649',NULL,NULL,2,NULL,NULL),('bcd45501f3134ec39e654131ace5bab7',NULL,'60ee8440a9304cfd953411d7e46a3d88',1,'/login',2,2,'53562599131d4fdfbbd2e8dac03e2c2a',NULL,'2017-07-13 10:08:11','a7855ed793de4eb3b22fd1fa2dd38c1f',NULL,NULL,2,'a7855ed793de4eb3b22fd1fa2dd38c1f','2017-07-13 10:08:19'),('c91b20235a9640fd853b077df24ae792',NULL,'77392eabc6fc4c959e1d1f6fdaf7e322',1,'/user',2,2,'10930467401b4d4eae93b37e7ac63a7b',NULL,'2017-06-05 09:02:21','de0c7b2480494fda98db82f7a4707649',NULL,NULL,2,NULL,NULL),('ccd8a026498249cabcba2bcb8f37da96',NULL,'77392eabc6fc4c959e1d1f6fdaf7e322',1,'/grant/grantResources',4,4,'431c2f793e624da698fb37e71e072183',NULL,'2017-06-05 09:12:47','de0c7b2480494fda98db82f7a4707649',NULL,NULL,2,NULL,NULL),('d1120e4ed32445f8822d9ce1bcb28370',NULL,'77392eabc6fc4c959e1d1f6fdaf7e322',1,'/platform/edit',3,4,'4dfb7bb156c541329b0afaa986d4abaf',NULL,'2017-06-05 08:59:02','de0c7b2480494fda98db82f7a4707649',NULL,NULL,2,NULL,NULL),('d5950d89d4c340f89f00141274c5fabc',NULL,'77392eabc6fc4c959e1d1f6fdaf7e322',1,'/grant/selectList',4,2,'5005693323174073a84e4475b04d581c',NULL,'2017-06-05 09:11:22','de0c7b2480494fda98db82f7a4707649',NULL,NULL,2,NULL,NULL),('de2827e1cba649378a48f92c11bcfe94',NULL,'77392eabc6fc4c959e1d1f6fdaf7e322',1,'/resource/update',4,3,'26d2bf7209404d35a264fdf998a06f87',NULL,'2017-06-05 09:07:29','de0c7b2480494fda98db82f7a4707649',NULL,NULL,2,NULL,NULL),('e0b9f57d1e3446f99f764d310772f0b0',NULL,'77392eabc6fc4c959e1d1f6fdaf7e322',1,'/platform/add',3,3,'4dfb7bb156c541329b0afaa986d4abaf',NULL,'2017-06-05 08:58:33','de0c7b2480494fda98db82f7a4707649',NULL,NULL,2,NULL,NULL),('ed7bd54f66b546b4bbc77be42b66c99f',NULL,'77392eabc6fc4c959e1d1f6fdaf7e322',1,'/user/list',3,1,'c91b20235a9640fd853b077df24ae792',NULL,'2017-06-05 09:02:36','de0c7b2480494fda98db82f7a4707649',NULL,NULL,2,NULL,NULL),('ed89dd38c6ce4a4d8016dbe254650617',NULL,'77392eabc6fc4c959e1d1f6fdaf7e322',1,'/role/isRepeat',3,4,'a86eceaf4f7d47ecbe119ceb4ca4ebf1',NULL,'2017-06-05 09:05:24','de0c7b2480494fda98db82f7a4707649',NULL,NULL,2,NULL,NULL),('ee7995b19ea646a99a438d9f8f3cfc14',NULL,'77392eabc6fc4c959e1d1f6fdaf7e322',1,'/role/deleteBatch',3,4,'a86eceaf4f7d47ecbe119ceb4ca4ebf1',NULL,'2017-06-05 09:04:56','de0c7b2480494fda98db82f7a4707649',NULL,NULL,2,NULL,NULL),('f84785d721ca4a35a02fc9e89e9ced64',NULL,'77392eabc6fc4c959e1d1f6fdaf7e322',1,'/role/edit',3,3,'a86eceaf4f7d47ecbe119ceb4ca4ebf1',NULL,'2017-06-05 09:04:43','de0c7b2480494fda98db82f7a4707649',NULL,NULL,2,NULL,NULL),('fd39eca574904dc1bc4736550f807eaa',NULL,'77392eabc6fc4c959e1d1f6fdaf7e322',1,'/resource/add',4,2,'26d2bf7209404d35a264fdf998a06f87',NULL,'2017-06-05 09:07:24','de0c7b2480494fda98db82f7a4707649',NULL,NULL,2,NULL,NULL),('fed60c8eb5544007a3a436509950cdf4',NULL,'77392eabc6fc4c959e1d1f6fdaf7e322',1,'/resource/isRepeat',4,4,'26d2bf7209404d35a264fdf998a06f87',NULL,'2017-06-05 09:08:09','de0c7b2480494fda98db82f7a4707649',NULL,NULL,2,NULL,NULL);
/*!40000 ALTER TABLE `authority_resources` ENABLE KEYS */;
UNLOCK TABLES;

--
-- Dumping data for table `authority_role`
--

LOCK TABLES `authority_role` WRITE;
/*!40000 ALTER TABLE `authority_role` DISABLE KEYS */;
INSERT INTO `authority_role` VALUES ('6ad3d663a9074c3ba75e4c1a94266450','管理员',2,'2017-06-05 08:53:40','de0c7b2480494fda98db82f7a4707649',NULL,NULL,2,'77392eabc6fc4c959e1d1f6fdaf7e322',NULL,NULL),('6e706e377458450088d93ae664ab9fd5','后备员',2,'2017-06-05 09:57:58','de0c7b2480494fda98db82f7a4707649',NULL,NULL,2,'77392eabc6fc4c959e1d1f6fdaf7e322',NULL,NULL),('cbe7af1f45964fc6a414a3aae3afd09f','作者',2,'2017-07-12 09:41:28','de0c7b2480494fda98db82f7a4707649',NULL,NULL,2,'60ee8440a9304cfd953411d7e46a3d88',NULL,NULL);
/*!40000 ALTER TABLE `authority_role` ENABLE KEYS */;
UNLOCK TABLES;

--
-- Dumping data for table `authority_role_resources_relation`
--

LOCK TABLES `authority_role_resources_relation` WRITE;
/*!40000 ALTER TABLE `authority_role_resources_relation` DISABLE KEYS */;
INSERT INTO `authority_role_resources_relation` VALUES ('6e706e377458450088d93ae664ab9fd5','48ef7e73d6914f10ab30ce2c036c4504','0242ddb3facd460d831270c077f1bba0','2017-06-05 09:59:00','de0c7b2480494fda98db82f7a4707649',NULL,NULL,2,2,NULL,NULL),('6e706e377458450088d93ae664ab9fd5','6a94cde7e09f421e93e05c59ef578337','03aa2c86869d4014a07d136b079234f8','2017-06-05 09:59:00','de0c7b2480494fda98db82f7a4707649',NULL,NULL,2,2,NULL,NULL),('6ad3d663a9074c3ba75e4c1a94266450','fed60c8eb5544007a3a436509950cdf4','071db1ac47224702a45980cdce546de6','2017-06-05 09:16:09','de0c7b2480494fda98db82f7a4707649',NULL,NULL,2,2,NULL,NULL),('6ad3d663a9074c3ba75e4c1a94266450','08f015f005494787b359c8466d672a6d','0861ae795bb346edacd06fc3f8eac04d','2017-06-05 09:16:09','de0c7b2480494fda98db82f7a4707649',NULL,NULL,2,2,NULL,NULL),('6ad3d663a9074c3ba75e4c1a94266450','fd39eca574904dc1bc4736550f807eaa','0c7dc3ebba664f0582880402f04c1a58','2017-06-05 09:16:09','de0c7b2480494fda98db82f7a4707649',NULL,NULL,2,2,NULL,NULL),('6ad3d663a9074c3ba75e4c1a94266450','118c5231a3e149bdab4baa7a3b09bdf9','0d300c7e20b3467dae758ce3341bf42c','2017-06-05 09:16:09','de0c7b2480494fda98db82f7a4707649',NULL,NULL,2,2,NULL,NULL),('6ad3d663a9074c3ba75e4c1a94266450','1ee9fba591494f8288bb79dceabb248f','0e2664b9fef44dd39fff109d961105ee','2017-06-05 09:16:09','de0c7b2480494fda98db82f7a4707649',NULL,NULL,2,2,NULL,NULL),('6e706e377458450088d93ae664ab9fd5','3aa38cfa8c7848089414b1038e014e6c','15782841d6fe4dcb8b014826298933c7','2017-06-05 09:59:00','de0c7b2480494fda98db82f7a4707649',NULL,NULL,2,2,NULL,NULL),('cbe7af1f45964fc6a414a3aae3afd09f','77a3b586b5244db0bede2697f6b50b27','1946736951674bfe8a49d1466ca7749d','2017-07-14 17:18:08','cf43bba747344170853006d9a5ff0678',NULL,NULL,2,2,NULL,NULL),('6ad3d663a9074c3ba75e4c1a94266450','f84785d721ca4a35a02fc9e89e9ced64','1d2db9cc68f94d43a881f1aea5a8c8bb','2017-06-05 09:16:09','de0c7b2480494fda98db82f7a4707649',NULL,NULL,2,2,NULL,NULL),('6ad3d663a9074c3ba75e4c1a94266450','2785c85e5bba4355afd059ad5a5ddd20','1d70e71198a04b40a1c9186314c203e3','2017-06-05 09:16:09','de0c7b2480494fda98db82f7a4707649',NULL,NULL,2,2,NULL,NULL),('6e706e377458450088d93ae664ab9fd5','57158cfe06f64bbb85f7040d999ec7e2','2040133f49904aacbc266e3a13f64874','2017-06-05 09:59:00','de0c7b2480494fda98db82f7a4707649',NULL,NULL,2,2,NULL,NULL),('6e706e377458450088d93ae664ab9fd5','1ee9fba591494f8288bb79dceabb248f','27e9770bc9a94de59cec5f464cc9b013','2017-06-05 09:59:00','de0c7b2480494fda98db82f7a4707649',NULL,NULL,2,2,NULL,NULL),('6ad3d663a9074c3ba75e4c1a94266450','431c2f793e624da698fb37e71e072183','2b374b2412884a74be9b1b1d72d6858b','2017-06-05 09:16:09','de0c7b2480494fda98db82f7a4707649',NULL,NULL,2,2,NULL,NULL),('6e706e377458450088d93ae664ab9fd5','118c5231a3e149bdab4baa7a3b09bdf9','2ca80836182546b6852d19237e061f89','2017-06-05 09:59:00','de0c7b2480494fda98db82f7a4707649',NULL,NULL,2,2,NULL,NULL),('6e706e377458450088d93ae664ab9fd5','d1120e4ed32445f8822d9ce1bcb28370','2d39375471b94093b81cc32db473d799','2017-06-05 09:59:00','de0c7b2480494fda98db82f7a4707649',NULL,NULL,2,2,NULL,NULL),('cbe7af1f45964fc6a414a3aae3afd09f','2c973393b66d4507aaf3af8873023530','3047659568f24b4585b8445ddebcc7d3','2017-07-14 17:18:08','cf43bba747344170853006d9a5ff0678',NULL,NULL,2,2,NULL,NULL),('6e706e377458450088d93ae664ab9fd5','00e48db0cfb44b1d9a50edd68bea0b4c','3870a108c71a4b1583868d937f570923','2017-06-05 09:59:00','de0c7b2480494fda98db82f7a4707649',NULL,NULL,2,2,NULL,NULL),('6e706e377458450088d93ae664ab9fd5','3cec0d0e8ad4460da2ec7b0452202fb5','39e7cf76fe794ec2865a7e10ff8e9485','2017-06-05 09:59:00','de0c7b2480494fda98db82f7a4707649',NULL,NULL,2,2,NULL,NULL),('6ad3d663a9074c3ba75e4c1a94266450','09d7196f8669456d98f98f95c7901064','40ebde70c894462cacf099b840d598ba','2017-06-05 09:16:09','de0c7b2480494fda98db82f7a4707649',NULL,NULL,2,2,NULL,NULL),('6e706e377458450088d93ae664ab9fd5','f84785d721ca4a35a02fc9e89e9ced64','4192a8b90d934dcf8fc50268d7a6ce3e','2017-06-05 09:59:00','de0c7b2480494fda98db82f7a4707649',NULL,NULL,2,2,NULL,NULL),('6e706e377458450088d93ae664ab9fd5','08f015f005494787b359c8466d672a6d','43866515294345f5b43be7c90c8986d5','2017-06-05 09:59:00','de0c7b2480494fda98db82f7a4707649',NULL,NULL,2,2,NULL,NULL),('6e706e377458450088d93ae664ab9fd5','5aa4fe3416b84d3cba4ef10825a4b55e','44c417dda73c4590bab6f09bd19c38d0','2017-06-05 09:59:00','de0c7b2480494fda98db82f7a4707649',NULL,NULL,2,2,NULL,NULL),('6e706e377458450088d93ae664ab9fd5','c91b20235a9640fd853b077df24ae792','46d1b33e4b5c486199e482eb05def3f3','2017-06-05 09:59:00','de0c7b2480494fda98db82f7a4707649',NULL,NULL,2,2,NULL,NULL),('cbe7af1f45964fc6a414a3aae3afd09f','b153ca2d488846dd81aa19180bfe0564','47d648fc5f2c4233902e5c23c3e1836a','2017-07-14 17:18:08','cf43bba747344170853006d9a5ff0678',NULL,NULL,2,2,NULL,NULL),('cbe7af1f45964fc6a414a3aae3afd09f','2f3133bd6bdf4ea3b6fcef659d232784','482e8eca2fba4e728d376ff227eb6540','2017-07-14 17:18:08','cf43bba747344170853006d9a5ff0678',NULL,NULL,2,2,NULL,NULL),('6ad3d663a9074c3ba75e4c1a94266450','26d2bf7209404d35a264fdf998a06f87','483c11aa620c4580944573a47ccf3868','2017-06-05 09:16:09','de0c7b2480494fda98db82f7a4707649',NULL,NULL,2,2,NULL,NULL),('6e706e377458450088d93ae664ab9fd5','955033fff51141d79d405ed17bea1058','4c2b98803f184712adec660e26cc68ae','2017-06-05 09:59:00','de0c7b2480494fda98db82f7a4707649',NULL,NULL,2,2,NULL,NULL),('6ad3d663a9074c3ba75e4c1a94266450','b869a5b1895e44cb84c9a411631dea55','4f24f31ffb2b4835bfb7daaa03ca267b','2017-06-05 09:16:09','de0c7b2480494fda98db82f7a4707649',NULL,NULL,2,2,NULL,NULL),('6ad3d663a9074c3ba75e4c1a94266450','6a94cde7e09f421e93e05c59ef578337','56c66c6de4e742d48d3f26275af57be8','2017-06-05 09:16:09','de0c7b2480494fda98db82f7a4707649',NULL,NULL,2,2,NULL,NULL),('6e706e377458450088d93ae664ab9fd5','09d7196f8669456d98f98f95c7901064','58a8bf21a52b44a4880545c201c1c680','2017-06-05 09:59:00','de0c7b2480494fda98db82f7a4707649',NULL,NULL,2,2,NULL,NULL),('6ad3d663a9074c3ba75e4c1a94266450','ed7bd54f66b546b4bbc77be42b66c99f','597564baad11478196fa7ef65ba029ce','2017-06-05 09:16:09','de0c7b2480494fda98db82f7a4707649',NULL,NULL,2,2,NULL,NULL),('6ad3d663a9074c3ba75e4c1a94266450','5005693323174073a84e4475b04d581c','5e64691a402c483caf4b7bffd880dac1','2017-06-05 09:16:09','de0c7b2480494fda98db82f7a4707649',NULL,NULL,2,2,NULL,NULL),('6e706e377458450088d93ae664ab9fd5','4dfb7bb156c541329b0afaa986d4abaf','5e7e65304322447c8bc1d7db02d41038','2017-06-05 09:59:00','de0c7b2480494fda98db82f7a4707649',NULL,NULL,2,2,NULL,NULL),('6ad3d663a9074c3ba75e4c1a94266450','4e899a30e84e4a4d9dbae4a0c2aa961c','635c509e12ae4cb0b4a89da8fa454021','2017-06-05 09:16:09','de0c7b2480494fda98db82f7a4707649',NULL,NULL,2,2,NULL,NULL),('6ad3d663a9074c3ba75e4c1a94266450','955033fff51141d79d405ed17bea1058','65fd2ef62692442fa029d18cb385d0a2','2017-06-05 09:16:09','de0c7b2480494fda98db82f7a4707649',NULL,NULL,2,2,NULL,NULL),('6ad3d663a9074c3ba75e4c1a94266450','a86eceaf4f7d47ecbe119ceb4ca4ebf1','67433db7bf534a32ba561ebb3530d7cd','2017-06-05 09:16:09','de0c7b2480494fda98db82f7a4707649',NULL,NULL,2,2,NULL,NULL),('cbe7af1f45964fc6a414a3aae3afd09f','368b97414b8e4d5d95c29e9e73bb9884','6d78515398304790a16fc3df990c20a9','2017-07-14 17:18:08','cf43bba747344170853006d9a5ff0678',NULL,NULL,2,2,NULL,NULL),('6ad3d663a9074c3ba75e4c1a94266450','c91b20235a9640fd853b077df24ae792','6e39dfed20984ae896fb8d54661fe157','2017-06-05 09:16:09','de0c7b2480494fda98db82f7a4707649',NULL,NULL,2,2,NULL,NULL),('6ad3d663a9074c3ba75e4c1a94266450','4dfb7bb156c541329b0afaa986d4abaf','70c66f48bcc443e4b8f30c90150daff2','2017-06-05 09:16:09','de0c7b2480494fda98db82f7a4707649',NULL,NULL,2,2,NULL,NULL),('6e706e377458450088d93ae664ab9fd5','86b108c7760e4c9b9fc68c0b1017d814','72d5f9eb9b38495998500adac5188adb','2017-06-05 09:59:00','de0c7b2480494fda98db82f7a4707649',NULL,NULL,2,2,NULL,NULL),('6e706e377458450088d93ae664ab9fd5','ee7995b19ea646a99a438d9f8f3cfc14','7373c3de946b413d8f4d3c4a111d6bf5','2017-06-05 09:59:00','de0c7b2480494fda98db82f7a4707649',NULL,NULL,2,2,NULL,NULL),('6ad3d663a9074c3ba75e4c1a94266450','de2827e1cba649378a48f92c11bcfe94','79e5fe7e09a945ee906dbba040ae7967','2017-06-05 09:16:09','de0c7b2480494fda98db82f7a4707649',NULL,NULL,2,2,NULL,NULL),('6e706e377458450088d93ae664ab9fd5','ed7bd54f66b546b4bbc77be42b66c99f','7c1c673de6f4430fa4961f99cea9f90a','2017-06-05 09:59:00','de0c7b2480494fda98db82f7a4707649',NULL,NULL,2,2,NULL,NULL),('6ad3d663a9074c3ba75e4c1a94266450','d5950d89d4c340f89f00141274c5fabc','7cf868a4862644e2afcef22fbc89643b','2017-06-05 09:16:09','de0c7b2480494fda98db82f7a4707649',NULL,NULL,2,2,NULL,NULL),('6ad3d663a9074c3ba75e4c1a94266450','4944df2787f746baa7b67735864b9dd7','7de3abd01e1e4093a87cf095d627fc62','2017-06-05 09:16:09','de0c7b2480494fda98db82f7a4707649',NULL,NULL,2,2,NULL,NULL),('6e706e377458450088d93ae664ab9fd5','e0b9f57d1e3446f99f764d310772f0b0','86cc87c051f14531988a8929f64d3f4a','2017-06-05 09:59:00','de0c7b2480494fda98db82f7a4707649',NULL,NULL,2,2,NULL,NULL),('cbe7af1f45964fc6a414a3aae3afd09f','9bca3c96dcd245dabdf4cec1f0707ad9','8c58736c3a464c7cb219158ea30b2d0f','2017-07-14 17:18:08','cf43bba747344170853006d9a5ff0678',NULL,NULL,2,2,NULL,NULL),('6ad3d663a9074c3ba75e4c1a94266450','57158cfe06f64bbb85f7040d999ec7e2','91ba71e848c04713bdcecb2c4f0f62a1','2017-06-05 09:16:09','de0c7b2480494fda98db82f7a4707649',NULL,NULL,2,2,NULL,NULL),('6ad3d663a9074c3ba75e4c1a94266450','ccd8a026498249cabcba2bcb8f37da96','98fda5c669e34ad3bad382c32242b7cc','2017-06-05 09:16:09','de0c7b2480494fda98db82f7a4707649',NULL,NULL,2,2,NULL,NULL),('6ad3d663a9074c3ba75e4c1a94266450','4cbc5488375f483fa18a7021e8c45874','9c280affb8164d4ca7db9bf1e93d5ab4','2017-06-05 09:16:09','de0c7b2480494fda98db82f7a4707649',NULL,NULL,2,2,NULL,NULL),('6ad3d663a9074c3ba75e4c1a94266450','ed89dd38c6ce4a4d8016dbe254650617','9ed70d2f0abc4845ae8e24f350b3da11','2017-06-05 09:16:09','de0c7b2480494fda98db82f7a4707649',NULL,NULL,2,2,NULL,NULL),('6e706e377458450088d93ae664ab9fd5','10930467401b4d4eae93b37e7ac63a7b','9fa20c1b1be24009b21db34488c02469','2017-06-05 09:59:00','de0c7b2480494fda98db82f7a4707649',NULL,NULL,2,2,NULL,NULL),('6e706e377458450088d93ae664ab9fd5','4fadc803584b43ee83ada262a44fa17d','a341c4efd3f64113a2f81d693f40e38d','2017-06-05 09:59:00','de0c7b2480494fda98db82f7a4707649',NULL,NULL,2,2,NULL,NULL),('6ad3d663a9074c3ba75e4c1a94266450','48ef7e73d6914f10ab30ce2c036c4504','a4e432bc011b48cbbc5ec6ac877d2d22','2017-06-05 09:16:09','de0c7b2480494fda98db82f7a4707649',NULL,NULL,2,2,NULL,NULL),('6ad3d663a9074c3ba75e4c1a94266450','ee7995b19ea646a99a438d9f8f3cfc14','abc0ddecf7914d6b8aa5764f536f3949','2017-06-05 09:16:09','de0c7b2480494fda98db82f7a4707649',NULL,NULL,2,2,NULL,NULL),('6ad3d663a9074c3ba75e4c1a94266450','ae55b8e5d78f4b8a941be25fd47397e3','b08c49e37de149b4b3ea036d5800aac0','2017-06-05 09:16:09','de0c7b2480494fda98db82f7a4707649',NULL,NULL,2,2,NULL,NULL),('6e706e377458450088d93ae664ab9fd5','2785c85e5bba4355afd059ad5a5ddd20','babb3aee889941d8a8e1eba01288d1fb','2017-06-05 09:59:00','de0c7b2480494fda98db82f7a4707649',NULL,NULL,2,2,NULL,NULL),('6e706e377458450088d93ae664ab9fd5','26d2bf7209404d35a264fdf998a06f87','bbfb9fe77ea640218890e03f347c0408','2017-06-05 09:59:00','de0c7b2480494fda98db82f7a4707649',NULL,NULL,2,2,NULL,NULL),('6e706e377458450088d93ae664ab9fd5','fd39eca574904dc1bc4736550f807eaa','bc6d0025e2314ee8837da2ec8e3396f0','2017-06-05 09:59:00','de0c7b2480494fda98db82f7a4707649',NULL,NULL,2,2,NULL,NULL),('6e706e377458450088d93ae664ab9fd5','de2827e1cba649378a48f92c11bcfe94','bce38e7f1a35471d9ea57ec090785fd9','2017-06-05 09:59:00','de0c7b2480494fda98db82f7a4707649',NULL,NULL,2,2,NULL,NULL),('6ad3d663a9074c3ba75e4c1a94266450','3cec0d0e8ad4460da2ec7b0452202fb5','bdad670cc3974a7287e9c8662654de70','2017-06-05 09:16:09','de0c7b2480494fda98db82f7a4707649',NULL,NULL,2,2,NULL,NULL),('6ad3d663a9074c3ba75e4c1a94266450','4fadc803584b43ee83ada262a44fa17d','bde3c61fd0dc4c3f97edf67f08ba30e8','2017-06-05 09:16:09','de0c7b2480494fda98db82f7a4707649',NULL,NULL,2,2,NULL,NULL),('cbe7af1f45964fc6a414a3aae3afd09f','53562599131d4fdfbbd2e8dac03e2c2a','be1e41c9d1a742538a767a3009f518f8','2017-07-14 17:18:08','cf43bba747344170853006d9a5ff0678',NULL,NULL,2,2,NULL,NULL),('6ad3d663a9074c3ba75e4c1a94266450','9475ce6e373f4c838eddfcb89b4a9247','c3aeede8daba49e7813c78f711e4c677','2017-06-05 09:16:09','de0c7b2480494fda98db82f7a4707649',NULL,NULL,2,2,NULL,NULL),('6ad3d663a9074c3ba75e4c1a94266450','10930467401b4d4eae93b37e7ac63a7b','c6d1ed0e75a3404b8dee2bc9fc498b70','2017-06-05 09:16:09','de0c7b2480494fda98db82f7a4707649',NULL,NULL,2,2,NULL,NULL),('6e706e377458450088d93ae664ab9fd5','ed89dd38c6ce4a4d8016dbe254650617','c98ad9138b2b40df9e09a63b9d243dd0','2017-06-05 09:59:00','de0c7b2480494fda98db82f7a4707649',NULL,NULL,2,2,NULL,NULL),('6e706e377458450088d93ae664ab9fd5','aec41d16fe084143824331ee18e31510','cc6a62e23bc7492fa3732b91d125339e','2017-06-05 09:59:00','de0c7b2480494fda98db82f7a4707649',NULL,NULL,2,2,NULL,NULL),('6e706e377458450088d93ae664ab9fd5','4cbc5488375f483fa18a7021e8c45874','cf5fb8b8d66e44c1b73dc33faf7162ae','2017-06-05 09:59:00','de0c7b2480494fda98db82f7a4707649',NULL,NULL,2,2,NULL,NULL),('6ad3d663a9074c3ba75e4c1a94266450','51ba8485f90449448c3c286372bf424c','d024c01dcc1a48beb07081147939279d','2017-06-05 09:16:09','de0c7b2480494fda98db82f7a4707649',NULL,NULL,2,2,NULL,NULL),('6e706e377458450088d93ae664ab9fd5','4944df2787f746baa7b67735864b9dd7','db414eeaf3e6489abbf20980096b373a','2017-06-05 09:59:00','de0c7b2480494fda98db82f7a4707649',NULL,NULL,2,2,NULL,NULL),('6ad3d663a9074c3ba75e4c1a94266450','d1120e4ed32445f8822d9ce1bcb28370','de041429c6234bdaa61c11e606e140cb','2017-06-05 09:16:09','de0c7b2480494fda98db82f7a4707649',NULL,NULL,2,2,NULL,NULL),('cbe7af1f45964fc6a414a3aae3afd09f','61fa0daa26b743d58af0deafe1f1b767','df56d71432f74f1d98ad467d7c210573','2017-07-14 17:18:08','cf43bba747344170853006d9a5ff0678',NULL,NULL,2,2,NULL,NULL),('6ad3d663a9074c3ba75e4c1a94266450','86b108c7760e4c9b9fc68c0b1017d814','e0bcec6cd22a44b5933bb0ae045563eb','2017-06-05 09:16:09','de0c7b2480494fda98db82f7a4707649',NULL,NULL,2,2,NULL,NULL),('6ad3d663a9074c3ba75e4c1a94266450','5aa4fe3416b84d3cba4ef10825a4b55e','e386018f3b6c4b3482a691e4599b0f75','2017-06-05 09:16:09','de0c7b2480494fda98db82f7a4707649',NULL,NULL,2,2,NULL,NULL),('6e706e377458450088d93ae664ab9fd5','a86eceaf4f7d47ecbe119ceb4ca4ebf1','e660cc590ea14611aab07d51ff380109','2017-06-05 09:59:00','de0c7b2480494fda98db82f7a4707649',NULL,NULL,2,2,NULL,NULL),('6ad3d663a9074c3ba75e4c1a94266450','3aa38cfa8c7848089414b1038e014e6c','e702321ac12f41c79134087b7d28da35','2017-06-05 09:16:09','de0c7b2480494fda98db82f7a4707649',NULL,NULL,2,2,NULL,NULL),('6ad3d663a9074c3ba75e4c1a94266450','310942a991dd4900a032bb22f54dca50','f0aa02b9ac364b11a7c452f26f979634','2017-06-05 09:16:09','de0c7b2480494fda98db82f7a4707649',NULL,NULL,2,2,NULL,NULL),('6ad3d663a9074c3ba75e4c1a94266450','aec41d16fe084143824331ee18e31510','f1ea15546e5c4077a7dc5b721d7f5cfb','2017-06-05 09:16:09','de0c7b2480494fda98db82f7a4707649',NULL,NULL,2,2,NULL,NULL),('cbe7af1f45964fc6a414a3aae3afd09f','7328d24d4c254118a7d655caf241b9c8','f22e82f651f647c2a402e8a5740616d2','2017-07-14 17:18:08','cf43bba747344170853006d9a5ff0678',NULL,NULL,2,2,NULL,NULL),('6ad3d663a9074c3ba75e4c1a94266450','00e48db0cfb44b1d9a50edd68bea0b4c','f4f4f05c4c794353bbf657d8c02b47a0','2017-06-05 09:16:09','de0c7b2480494fda98db82f7a4707649',NULL,NULL,2,2,NULL,NULL),('6ad3d663a9074c3ba75e4c1a94266450','e0b9f57d1e3446f99f764d310772f0b0','f51a69701bb04a8a901a37637861bf47','2017-06-05 09:16:09','de0c7b2480494fda98db82f7a4707649',NULL,NULL,2,2,NULL,NULL),('6e706e377458450088d93ae664ab9fd5','9475ce6e373f4c838eddfcb89b4a9247','f5fc10f102ff4a408b359e27e5404d48','2017-06-05 09:59:00','de0c7b2480494fda98db82f7a4707649',NULL,NULL,2,2,NULL,NULL),('cbe7af1f45964fc6a414a3aae3afd09f','2908c7e9fec74c228891fa3fb754f913','fc6fe5c4d19746cfb168ee8d70d297f0','2017-07-14 17:18:08','cf43bba747344170853006d9a5ff0678',NULL,NULL,2,2,NULL,NULL),('6e706e377458450088d93ae664ab9fd5','fed60c8eb5544007a3a436509950cdf4','fd2ec5f6ace140f2b8b74eaf8bdc3e46','2017-06-05 09:59:00','de0c7b2480494fda98db82f7a4707649',NULL,NULL,2,2,NULL,NULL),('cbe7af1f45964fc6a414a3aae3afd09f','bcd45501f3134ec39e654131ace5bab7','fdec3235275643cebc7cb5f1db7cf09d','2017-07-14 17:18:08','cf43bba747344170853006d9a5ff0678',NULL,NULL,2,2,NULL,NULL),('6ad3d663a9074c3ba75e4c1a94266450','3d338f5cc063490f8eede33544d08d3e','fe8eab2d6d694deaa539e71f68c8a3f4','2017-06-05 09:16:09','de0c7b2480494fda98db82f7a4707649',NULL,NULL,2,2,NULL,NULL);
/*!40000 ALTER TABLE `authority_role_resources_relation` ENABLE KEYS */;
UNLOCK TABLES;

--
-- Dumping data for table `authority_user`
--

LOCK TABLES `authority_user` WRITE;
/*!40000 ALTER TABLE `authority_user` DISABLE KEYS */;
INSERT INTO `authority_user` VALUES ('3f1395ece02c49c9af48ccaa6875c36e','ceshi','462:5b42403564623339616337:955cd58858c56feee41be5a85e24f50e682f767440d51e0dfe5bf2fee8d7220491e0b06b5e60ebe2158048fde548940b0b75ea6e335d8bbccf740fa9d4b8c342','free_huoshan@126.com',NULL,1,'2017-07-12 09:48:26',NULL,'2017-07-12 09:53:15','de0c7b2480494fda98db82f7a4707649',2,1,1,NULL,NULL),('4a7522532f784834ab388fdd613fa2ba','ceshi','866:5b42403130663565373964:180f08ca6ed6f1e26bfe8f5823cd77cb6eaaf6605d91ad5f844bb6d665dba9833993da0ff7bdf92b0f60a9e3224586f940df8f9545af0ef7be24cecd3dcd2cba','free_huoshan@126.com',NULL,2,'2017-07-15 09:21:59',NULL,'2017-07-15 09:26:27','a7855ed793de4eb3b22fd1fa2dd38c1f',2,1,1,NULL,'2017-07-15 09:23:40'),('569c9a3cde2c4262a12eb1c4fa806312','ceshi','904:5b42403265663931383234:ba9bee2b0b1d916a33152f6d16aa6a570445c4b815dc3a8dda39afb39cf92a1db088d01653e926298a8e14946b432bee8239a6d93bcab9c4a851144ab539683f','free_huoshan@126.com',NULL,1,'2017-07-15 09:18:08',NULL,'2017-07-15 09:19:20','a7855ed793de4eb3b22fd1fa2dd38c1f',2,1,1,NULL,NULL),('60465528f6714c22b8f9137b2f7b948c','ceshi','875:5b42403331313532366565:ba834e6a0650a0ce5becacfce606f4e52e7262638d0870c26f0a92b52936b48044dde7ea033699d223115f5d3fc947d636706166eb5eb3f9969ea4460cc49ff8','free_huoshan@126.com',NULL,1,'2017-07-11 16:40:34',NULL,'2017-07-11 16:43:25','de0c7b2480494fda98db82f7a4707649',2,1,1,NULL,NULL),('7debbdc112ea432385303a90e9c34442','ceshi','585:5b42403264306661666664:2540543da5ba2d959789f0ff16f2cea8589ce2a2c21733d07f6ceb7cdeb22767acee13d17b0fc9f3990fcddff63a2060c1a75cc4cd1f38dc42e432250624654f','free_huoshan@126.com',NULL,2,'2017-07-12 10:14:56',NULL,'2017-07-12 15:48:01','a7855ed793de4eb3b22fd1fa2dd38c1f',2,1,1,NULL,'2017-07-12 10:29:04'),('88d20e36a0bc4a1fa5a7d6ac97c2967b','ceshi','733:5b42403135373135376264:5f0d4f6d26ffdecdf445614fd928de59ef5e06f5cf70e2160b815bce33e940f2b89344b0f8061ec99c352be6528dfb4030edd37a9e4175f12e452b38d3b20e6d','free_huoshan@126.com',NULL,1,'2017-07-12 10:09:45',NULL,'2017-07-12 10:14:34','de0c7b2480494fda98db82f7a4707649',2,1,1,NULL,NULL),('8e962a01795c403cb92db68eebee6649','ceshi','747:5b42403637393232656130:cd28350a6b369826251a6539c75812ff8c937fa045ef0f8f3c32426d4efd483ffae3a4e86b7c3870ea29980f881967016d5275799d7ee0e48dbdc999dec07c1f','free_huoshan@126.com',NULL,1,'2017-07-12 09:56:03',NULL,'2017-07-12 09:59:51','de0c7b2480494fda98db82f7a4707649',2,1,1,NULL,NULL),('a389e950729c4b5f85ab5d5fcd7ee34b','ceshi1','510:5b42403735303133373035:f397a856114a05a337703689682c7000ef89e422c5fe6e2315bbfd01e6f2e6a9c682327907e4af3cbf4717754a8c581ecb5929afe31c5bdf3dceda5971b0ac8a','free.huoshan@gmail.com',NULL,2,'2017-07-15 10:47:00',NULL,NULL,NULL,2,1,2,NULL,'2017-07-15 10:48:25'),('a7855ed793de4eb3b22fd1fa2dd38c1f','admin','858:5b42403334646430626563:06f3665eedd62bff6c5565dc985a6a219d878fe2d6f6e9685b5400356ef7c7fa5ae833f2f4e4becfa73448fb4c88e3e24df576842259fec16af73ac50e9ac584','1416236046@qq.com','15811255489',2,'2017-06-05 08:53:25','de0c7b2480494fda98db82f7a4707649',NULL,NULL,1,1,2,NULL,NULL),('ab1ee8a2b74d43b8a8fcf943dc08738d','ceshi','479:5b42403763663236633663:9a665135890305f28b61d224eec60bc273702db59c49d63e29d5cfed0a0a0816c5a60df7f25ee01383d4a01a0366585104229ed4ea2b0d22a26e16a7586aac54','free_huoshan@126.com',NULL,2,'2017-07-15 09:29:08',NULL,NULL,NULL,2,1,2,NULL,'2017-07-15 09:30:38'),('ad31fa1335e84461b8f959bb1ac6a609','ceshi','476:5b42403239383065663438:59fb201556ab7b01929f4e4d37a23f658d2275c435008772fed683649599077d12375f4283cf6d1d180297e421f08d062a21fc6147f7839daccac937b2b38573','free_huoshan@126.com',NULL,1,'2017-07-12 10:00:11',NULL,'2017-07-12 10:09:31','de0c7b2480494fda98db82f7a4707649',2,1,1,NULL,NULL),('cf43bba747344170853006d9a5ff0678','ceshi','824:5b424065353239613733:495b451901a0f492fe0bbca6d1651d67df6a61c596d9c6e615d0721553e6d61333ec18a91ea75b44e66b3dd9d11e531abeb44ae48fcadade34a1cb9be95152d6','free_huoshan@126.com',NULL,2,'2017-07-12 16:44:51',NULL,'2017-07-14 19:16:35','cf43bba747344170853006d9a5ff0678',2,1,1,NULL,'2017-07-12 16:45:47'),('ea5f8f5441b5443c841cafcd05d5716e','backup','424:5b42403532613634356633:f24cda9d68ca215bedb40741d51f253d184fe8cc55e0e704362d702952529e955c77e7ba937bb6f6f5acc765c72568cd5e6f4978e62caa7ec30db795291ae046','wangxiaojun_email@163.com','15811255488',2,'2017-06-05 09:57:28','de0c7b2480494fda98db82f7a4707649','2017-07-11 16:09:55','de0c7b2480494fda98db82f7a4707649',1,1,1,NULL,NULL),('f76a625beba94ff5bf03b74a6130f47b','ceshi','529:5b4240633333383232:58bce4892564acfdea970e4dc4723527b338390fbb69aa43a617fedf6777f8fb9759130cdd51a75f54eb5536c29419a07bbeb0dc784331ea47ee51132ee801f1','free_huoshan@126.com',NULL,2,'2017-07-14 19:19:28',NULL,'2017-07-15 09:13:06','a7855ed793de4eb3b22fd1fa2dd38c1f',2,1,1,NULL,'2017-07-14 19:23:24');
/*!40000 ALTER TABLE `authority_user` ENABLE KEYS */;
UNLOCK TABLES;

--
-- Dumping data for table `authority_user_role_relation`
--

LOCK TABLES `authority_user_role_relation` WRITE;
/*!40000 ALTER TABLE `authority_user_role_relation` DISABLE KEYS */;
INSERT INTO `authority_user_role_relation` VALUES ('088cba79ce8a444e8dd862f80dd30a03','ab1ee8a2b74d43b8a8fcf943dc08738d','cbe7af1f45964fc6a414a3aae3afd09f','2017-07-15 09:30:38','ab1ee8a2b74d43b8a8fcf943dc08738d',NULL,NULL,2,NULL,NULL),('5ff1ce388fff4f4a86bed9c4664ea3e7','a7855ed793de4eb3b22fd1fa2dd38c1f','6ad3d663a9074c3ba75e4c1a94266450','2017-06-05 09:15:43','de0c7b2480494fda98db82f7a4707649',NULL,NULL,2,NULL,NULL),('a01bcc2a366e426b8177ca05821d78b1','a389e950729c4b5f85ab5d5fcd7ee34b','cbe7af1f45964fc6a414a3aae3afd09f','2017-07-15 10:48:25','a389e950729c4b5f85ab5d5fcd7ee34b',NULL,NULL,2,NULL,NULL);
/*!40000 ALTER TABLE `authority_user_role_relation` ENABLE KEYS */;
UNLOCK TABLES;

--
-- Dumping data for table `platform`
--

LOCK TABLES `platform` WRITE;
/*!40000 ALTER TABLE `platform` DISABLE KEYS */;
INSERT INTO `platform` VALUES ('60ee8440a9304cfd953411d7e46a3d88','博客平台','CODEBLOG','codeblog.net','2017-07-12 09:41:05','de0c7b2480494fda98db82f7a4707649',NULL,NULL,1,2,NULL,NULL),('77392eabc6fc4c959e1d1f6fdaf7e322','权限平台','AUTHORITY','authority.com','2017-06-05 08:52:53','de0c7b2480494fda98db82f7a4707649',NULL,NULL,1,2,NULL,NULL);
/*!40000 ALTER TABLE `platform` ENABLE KEYS */;
UNLOCK TABLES;

--
-- Dumping routines for database 'authority'
--
/*!50003 DROP PROCEDURE IF EXISTS `createChildList` */;
/*!50003 SET @saved_cs_client      = @@character_set_client */ ;
/*!50003 SET @saved_cs_results     = @@character_set_results */ ;
/*!50003 SET @saved_col_connection = @@collation_connection */ ;
/*!50003 SET character_set_client  = utf8 */ ;
/*!50003 SET character_set_results = utf8 */ ;
/*!50003 SET collation_connection  = utf8_general_ci */ ;
/*!50003 SET @saved_sql_mode       = @@sql_mode */ ;
/*!50003 SET sql_mode              = 'STRICT_TRANS_TABLES,NO_ENGINE_SUBSTITUTION' */ ;
DELIMITER ;;
CREATE DEFINER=`root`@`localhost` PROCEDURE `createChildList`(IN rootId VARCHAR(32),IN nDepth INT)
BEGIN
  DECLARE done INT DEFAULT 0;
  DECLARE b VARCHAR(32);
  DECLARE cur1 CURSOR FOR SELECT resource_uuid FROM authority_resources where resource_parent_uuid=rootId;
  DECLARE CONTINUE HANDLER FOR NOT FOUND SET done = 1;
  
  insert into treeTmpList values (null,rootId,nDepth);
  SET @@max_sp_recursion_depth = 100;
  
  OPEN cur1;
  
  FETCH cur1 INTO b;
  WHILE done = 0 DO
      CALL createChildList(b,nDepth+1);
      FETCH cur1 INTO b;
  END WHILE;
  
  CLOSE cur1;
  END ;;
DELIMITER ;
/*!50003 SET sql_mode              = @saved_sql_mode */ ;
/*!50003 SET character_set_client  = @saved_cs_client */ ;
/*!50003 SET character_set_results = @saved_cs_results */ ;
/*!50003 SET collation_connection  = @saved_col_connection */ ;
/*!50003 DROP PROCEDURE IF EXISTS `showChildList` */;
/*!50003 SET @saved_cs_client      = @@character_set_client */ ;
/*!50003 SET @saved_cs_results     = @@character_set_results */ ;
/*!50003 SET @saved_col_connection = @@collation_connection */ ;
/*!50003 SET character_set_client  = utf8 */ ;
/*!50003 SET character_set_results = utf8 */ ;
/*!50003 SET collation_connection  = utf8_general_ci */ ;
/*!50003 SET @saved_sql_mode       = @@sql_mode */ ;
/*!50003 SET sql_mode              = 'STRICT_TRANS_TABLES,NO_ENGINE_SUBSTITUTION' */ ;
DELIMITER ;;
CREATE DEFINER=`root`@`localhost` PROCEDURE `showChildList`(IN rootId VARCHAR(32))
BEGIN
  CREATE TEMPORARY TABLE IF NOT EXISTS treeTmpList
  (treeid int primary key auto_increment,id VARCHAR(32),depth int);
  DELETE FROM treeTmpList;
  
  CALL createChildList(rootId,0);
  
  select resource.* from treeTmpList tree,authority_resources resource where tree.id=resource.resource_uuid order by tree.treeid;
  END ;;
DELIMITER ;
/*!50003 SET sql_mode              = @saved_sql_mode */ ;
/*!50003 SET character_set_client  = @saved_cs_client */ ;
/*!50003 SET character_set_results = @saved_cs_results */ ;
/*!50003 SET collation_connection  = @saved_col_connection */ ;
/*!40103 SET TIME_ZONE=@OLD_TIME_ZONE */;

/*!40101 SET SQL_MODE=@OLD_SQL_MODE */;
/*!40014 SET FOREIGN_KEY_CHECKS=@OLD_FOREIGN_KEY_CHECKS */;
/*!40014 SET UNIQUE_CHECKS=@OLD_UNIQUE_CHECKS */;
/*!40101 SET CHARACTER_SET_CLIENT=@OLD_CHARACTER_SET_CLIENT */;
/*!40101 SET CHARACTER_SET_RESULTS=@OLD_CHARACTER_SET_RESULTS */;
/*!40101 SET COLLATION_CONNECTION=@OLD_COLLATION_CONNECTION */;
/*!40111 SET SQL_NOTES=@OLD_SQL_NOTES */;

-- Dump completed on 2017-07-17 17:37:19
