-- MySQL dump 10.13  Distrib 5.7.18, for Linux (x86_64)
--
-- Host: 127.0.0.1    Database: authority
-- ------------------------------------------------------
-- Server version	5.6.27-enterprise-commercial-advanced

/*!40101 SET @OLD_CHARACTER_SET_CLIENT=@@CHARACTER_SET_CLIENT */;
/*!40101 SET @OLD_CHARACTER_SET_RESULTS=@@CHARACTER_SET_RESULTS */;
/*!40101 SET @OLD_COLLATION_CONNECTION=@@COLLATION_CONNECTION */;
/*!40101 SET NAMES utf8 */;
/*!40103 SET @OLD_TIME_ZONE=@@TIME_ZONE */;
/*!40103 SET TIME_ZONE='+00:00' */;
/*!40014 SET @OLD_UNIQUE_CHECKS=@@UNIQUE_CHECKS, UNIQUE_CHECKS=0 */;
/*!40014 SET @OLD_FOREIGN_KEY_CHECKS=@@FOREIGN_KEY_CHECKS, FOREIGN_KEY_CHECKS=0 */;
/*!40101 SET @OLD_SQL_MODE=@@SQL_MODE, SQL_MODE='NO_AUTO_VALUE_ON_ZERO' */;
/*!40111 SET @OLD_SQL_NOTES=@@SQL_NOTES, SQL_NOTES=0 */;

--
-- Dumping data for table `authority_resources`
--

LOCK TABLES `authority_resources` WRITE;
/*!40000 ALTER TABLE `authority_resources` DISABLE KEYS */;
INSERT INTO `authority_resources` VALUES ('00e48db0cfb44b1d9a50edd68bea0b4c',NULL,'77392eabc6fc4c959e1d1f6fdaf7e322',1,'/user/isRepeat',3,4,'c91b20235a9640fd853b077df24ae792',NULL,'2017-06-05 09:03:29','de0c7b2480494fda98db82f7a4707649',NULL,NULL,2,NULL,NULL),('08f015f005494787b359c8466d672a6d',NULL,'77392eabc6fc4c959e1d1f6fdaf7e322',1,'/platform/getStatusList',3,2,'4dfb7bb156c541329b0afaa986d4abaf',NULL,'2017-06-05 08:58:12','de0c7b2480494fda98db82f7a4707649',NULL,NULL,2,NULL,NULL),('09d7196f8669456d98f98f95c7901064',NULL,'77392eabc6fc4c959e1d1f6fdaf7e322',1,'/platform/delete',3,6,'4dfb7bb156c541329b0afaa986d4abaf',NULL,'2017-06-05 08:59:43','de0c7b2480494fda98db82f7a4707649',NULL,NULL,2,NULL,NULL),('10930467401b4d4eae93b37e7ac63a7b','权限平台','77392eabc6fc4c959e1d1f6fdaf7e322',1,'/',1,1,'#',NULL,'2017-06-05 08:52:53','de0c7b2480494fda98db82f7a4707649',NULL,NULL,2,NULL,NULL),('118c5231a3e149bdab4baa7a3b09bdf9',NULL,'77392eabc6fc4c959e1d1f6fdaf7e322',1,'/resource/platforms',3,2,'1ee9fba591494f8288bb79dceabb248f',NULL,'2017-06-05 09:08:22','de0c7b2480494fda98db82f7a4707649',NULL,NULL,2,NULL,NULL),('1ee9fba591494f8288bb79dceabb248f',NULL,'77392eabc6fc4c959e1d1f6fdaf7e322',1,'/resource',2,4,'10930467401b4d4eae93b37e7ac63a7b',NULL,'2017-06-05 09:06:26','de0c7b2480494fda98db82f7a4707649',NULL,NULL,2,NULL,NULL),('26d2bf7209404d35a264fdf998a06f87',NULL,'77392eabc6fc4c959e1d1f6fdaf7e322',1,'/resource/toTree',3,1,'1ee9fba591494f8288bb79dceabb248f',NULL,'2017-06-05 09:06:51','de0c7b2480494fda98db82f7a4707649',NULL,NULL,2,NULL,NULL),('2785c85e5bba4355afd059ad5a5ddd20',NULL,'77392eabc6fc4c959e1d1f6fdaf7e322',1,'/resource/delete',4,4,'26d2bf7209404d35a264fdf998a06f87',NULL,'2017-06-05 09:07:41','de0c7b2480494fda98db82f7a4707649',NULL,NULL,2,NULL,NULL),('310942a991dd4900a032bb22f54dca50',NULL,'77392eabc6fc4c959e1d1f6fdaf7e322',1,'/grant/toUser',4,1,'5005693323174073a84e4475b04d581c',NULL,'2017-06-05 09:11:02','de0c7b2480494fda98db82f7a4707649',NULL,NULL,2,NULL,NULL),('3aa38cfa8c7848089414b1038e014e6c',NULL,'77392eabc6fc4c959e1d1f6fdaf7e322',1,'/role/getStatusList',3,2,'a86eceaf4f7d47ecbe119ceb4ca4ebf1',NULL,'2017-06-05 09:05:35','de0c7b2480494fda98db82f7a4707649',NULL,NULL,2,NULL,NULL),('3cec0d0e8ad4460da2ec7b0452202fb5',NULL,'77392eabc6fc4c959e1d1f6fdaf7e322',1,'/user/delete',3,5,'c91b20235a9640fd853b077df24ae792',NULL,'2017-06-05 09:03:04','de0c7b2480494fda98db82f7a4707649',NULL,NULL,2,NULL,NULL),('3d338f5cc063490f8eede33544d08d3e',NULL,'77392eabc6fc4c959e1d1f6fdaf7e322',1,'/grant/grantRoles',4,3,'5005693323174073a84e4475b04d581c',NULL,'2017-06-05 09:11:40','de0c7b2480494fda98db82f7a4707649',NULL,NULL,2,NULL,NULL),('431c2f793e624da698fb37e71e072183',NULL,'77392eabc6fc4c959e1d1f6fdaf7e322',1,'/grant/roles',3,2,'51ba8485f90449448c3c286372bf424c',NULL,'2017-06-05 09:10:27','de0c7b2480494fda98db82f7a4707649',NULL,NULL,2,NULL,NULL),('48ef7e73d6914f10ab30ce2c036c4504',NULL,'77392eabc6fc4c959e1d1f6fdaf7e322',1,'/resource/tree',4,1,'26d2bf7209404d35a264fdf998a06f87',NULL,'2017-06-05 09:07:14','de0c7b2480494fda98db82f7a4707649',NULL,NULL,2,NULL,NULL),('4944df2787f746baa7b67735864b9dd7',NULL,'77392eabc6fc4c959e1d1f6fdaf7e322',1,'/role/list',3,1,'a86eceaf4f7d47ecbe119ceb4ca4ebf1',NULL,'2017-06-05 09:04:36','de0c7b2480494fda98db82f7a4707649',NULL,NULL,2,NULL,NULL),('4cbc5488375f483fa18a7021e8c45874',NULL,'77392eabc6fc4c959e1d1f6fdaf7e322',1,'/user/edit',3,3,'c91b20235a9640fd853b077df24ae792',NULL,'2017-06-05 09:02:50','de0c7b2480494fda98db82f7a4707649',NULL,NULL,2,NULL,NULL),('4dfb7bb156c541329b0afaa986d4abaf',NULL,'77392eabc6fc4c959e1d1f6fdaf7e322',1,'/platform',2,1,'10930467401b4d4eae93b37e7ac63a7b',NULL,'2017-06-05 08:56:33','de0c7b2480494fda98db82f7a4707649',NULL,NULL,2,NULL,NULL),('4e899a30e84e4a4d9dbae4a0c2aa961c',NULL,'77392eabc6fc4c959e1d1f6fdaf7e322',1,'/grant/platformList',4,2,'431c2f793e624da698fb37e71e072183',NULL,'2017-06-05 09:12:08','de0c7b2480494fda98db82f7a4707649',NULL,NULL,2,NULL,NULL),('4fadc803584b43ee83ada262a44fa17d',NULL,'77392eabc6fc4c959e1d1f6fdaf7e322',1,'/role/add',3,2,'a86eceaf4f7d47ecbe119ceb4ca4ebf1',NULL,'2017-06-05 09:04:39','de0c7b2480494fda98db82f7a4707649',NULL,NULL,2,NULL,NULL),('5005693323174073a84e4475b04d581c',NULL,'77392eabc6fc4c959e1d1f6fdaf7e322',1,'/grant/users',3,1,'51ba8485f90449448c3c286372bf424c',NULL,'2017-06-05 09:10:18','de0c7b2480494fda98db82f7a4707649',NULL,NULL,2,NULL,NULL),('51ba8485f90449448c3c286372bf424c',NULL,'77392eabc6fc4c959e1d1f6fdaf7e322',1,'/grant',2,5,'10930467401b4d4eae93b37e7ac63a7b',NULL,'2017-06-05 09:10:10','de0c7b2480494fda98db82f7a4707649',NULL,NULL,2,NULL,NULL),('57158cfe06f64bbb85f7040d999ec7e2',NULL,'77392eabc6fc4c959e1d1f6fdaf7e322',1,'/platform/isRepeat',3,5,'4dfb7bb156c541329b0afaa986d4abaf',NULL,'2017-06-05 09:00:01','de0c7b2480494fda98db82f7a4707649',NULL,NULL,2,NULL,NULL),('5aa4fe3416b84d3cba4ef10825a4b55e',NULL,'77392eabc6fc4c959e1d1f6fdaf7e322',1,'/user/deleteBatch',3,4,'c91b20235a9640fd853b077df24ae792',NULL,'2017-06-05 09:02:57','de0c7b2480494fda98db82f7a4707649',NULL,NULL,2,NULL,NULL),('6a94cde7e09f421e93e05c59ef578337',NULL,'77392eabc6fc4c959e1d1f6fdaf7e322',1,'/role/delete',3,5,'a86eceaf4f7d47ecbe119ceb4ca4ebf1',NULL,'2017-06-05 09:05:06','de0c7b2480494fda98db82f7a4707649',NULL,NULL,2,NULL,NULL),('86b108c7760e4c9b9fc68c0b1017d814',NULL,'77392eabc6fc4c959e1d1f6fdaf7e322',1,'/platform/list',3,1,'4dfb7bb156c541329b0afaa986d4abaf',NULL,'2017-06-05 08:56:50','de0c7b2480494fda98db82f7a4707649',NULL,NULL,2,NULL,NULL),('9475ce6e373f4c838eddfcb89b4a9247',NULL,'77392eabc6fc4c959e1d1f6fdaf7e322',1,'/user/add',3,2,'c91b20235a9640fd853b077df24ae792',NULL,'2017-06-05 09:02:40','de0c7b2480494fda98db82f7a4707649',NULL,NULL,2,NULL,NULL),('955033fff51141d79d405ed17bea1058',NULL,'77392eabc6fc4c959e1d1f6fdaf7e322',1,'/user/getSelectList',3,2,'c91b20235a9640fd853b077df24ae792',NULL,'2017-06-05 09:03:50','de0c7b2480494fda98db82f7a4707649',NULL,NULL,2,NULL,NULL),('a86eceaf4f7d47ecbe119ceb4ca4ebf1',NULL,'77392eabc6fc4c959e1d1f6fdaf7e322',1,'/role',2,3,'10930467401b4d4eae93b37e7ac63a7b',NULL,'2017-06-05 09:04:23','de0c7b2480494fda98db82f7a4707649',NULL,NULL,2,NULL,NULL),('ae55b8e5d78f4b8a941be25fd47397e3',NULL,'77392eabc6fc4c959e1d1f6fdaf7e322',1,'/grant/roleList',4,3,'431c2f793e624da698fb37e71e072183',NULL,'2017-06-05 09:12:25','de0c7b2480494fda98db82f7a4707649',NULL,NULL,2,NULL,NULL),('aec41d16fe084143824331ee18e31510',NULL,'77392eabc6fc4c959e1d1f6fdaf7e322',1,'/platform/deleteBatch',3,5,'4dfb7bb156c541329b0afaa986d4abaf',NULL,'2017-06-05 08:59:22','de0c7b2480494fda98db82f7a4707649',NULL,NULL,2,NULL,NULL),('b869a5b1895e44cb84c9a411631dea55',NULL,'77392eabc6fc4c959e1d1f6fdaf7e322',1,'/grant/toRole',4,1,'431c2f793e624da698fb37e71e072183',NULL,'2017-06-05 09:11:57','de0c7b2480494fda98db82f7a4707649',NULL,NULL,2,NULL,NULL),('c91b20235a9640fd853b077df24ae792',NULL,'77392eabc6fc4c959e1d1f6fdaf7e322',1,'/user',2,2,'10930467401b4d4eae93b37e7ac63a7b',NULL,'2017-06-05 09:02:21','de0c7b2480494fda98db82f7a4707649',NULL,NULL,2,NULL,NULL),('ccd8a026498249cabcba2bcb8f37da96',NULL,'77392eabc6fc4c959e1d1f6fdaf7e322',1,'/grant/grantResources',4,4,'431c2f793e624da698fb37e71e072183',NULL,'2017-06-05 09:12:47','de0c7b2480494fda98db82f7a4707649',NULL,NULL,2,NULL,NULL),('d1120e4ed32445f8822d9ce1bcb28370',NULL,'77392eabc6fc4c959e1d1f6fdaf7e322',1,'/platform/edit',3,4,'4dfb7bb156c541329b0afaa986d4abaf',NULL,'2017-06-05 08:59:02','de0c7b2480494fda98db82f7a4707649',NULL,NULL,2,NULL,NULL),('d5950d89d4c340f89f00141274c5fabc',NULL,'77392eabc6fc4c959e1d1f6fdaf7e322',1,'/grant/selectList',4,2,'5005693323174073a84e4475b04d581c',NULL,'2017-06-05 09:11:22','de0c7b2480494fda98db82f7a4707649',NULL,NULL,2,NULL,NULL),('de2827e1cba649378a48f92c11bcfe94',NULL,'77392eabc6fc4c959e1d1f6fdaf7e322',1,'/resource/update',4,3,'26d2bf7209404d35a264fdf998a06f87',NULL,'2017-06-05 09:07:29','de0c7b2480494fda98db82f7a4707649',NULL,NULL,2,NULL,NULL),('e0b9f57d1e3446f99f764d310772f0b0',NULL,'77392eabc6fc4c959e1d1f6fdaf7e322',1,'/platform/add',3,3,'4dfb7bb156c541329b0afaa986d4abaf',NULL,'2017-06-05 08:58:33','de0c7b2480494fda98db82f7a4707649',NULL,NULL,2,NULL,NULL),('ed7bd54f66b546b4bbc77be42b66c99f',NULL,'77392eabc6fc4c959e1d1f6fdaf7e322',1,'/user/list',3,1,'c91b20235a9640fd853b077df24ae792',NULL,'2017-06-05 09:02:36','de0c7b2480494fda98db82f7a4707649',NULL,NULL,2,NULL,NULL),('ed89dd38c6ce4a4d8016dbe254650617',NULL,'77392eabc6fc4c959e1d1f6fdaf7e322',1,'/role/isRepeat',3,4,'a86eceaf4f7d47ecbe119ceb4ca4ebf1',NULL,'2017-06-05 09:05:24','de0c7b2480494fda98db82f7a4707649',NULL,NULL,2,NULL,NULL),('ee7995b19ea646a99a438d9f8f3cfc14',NULL,'77392eabc6fc4c959e1d1f6fdaf7e322',1,'/role/deleteBatch',3,4,'a86eceaf4f7d47ecbe119ceb4ca4ebf1',NULL,'2017-06-05 09:04:56','de0c7b2480494fda98db82f7a4707649',NULL,NULL,2,NULL,NULL),('f84785d721ca4a35a02fc9e89e9ced64',NULL,'77392eabc6fc4c959e1d1f6fdaf7e322',1,'/role/edit',3,3,'a86eceaf4f7d47ecbe119ceb4ca4ebf1',NULL,'2017-06-05 09:04:43','de0c7b2480494fda98db82f7a4707649',NULL,NULL,2,NULL,NULL),('fd39eca574904dc1bc4736550f807eaa',NULL,'77392eabc6fc4c959e1d1f6fdaf7e322',1,'/resource/add',4,2,'26d2bf7209404d35a264fdf998a06f87',NULL,'2017-06-05 09:07:24','de0c7b2480494fda98db82f7a4707649',NULL,NULL,2,NULL,NULL),('fed60c8eb5544007a3a436509950cdf4',NULL,'77392eabc6fc4c959e1d1f6fdaf7e322',1,'/resource/isRepeat',4,4,'26d2bf7209404d35a264fdf998a06f87',NULL,'2017-06-05 09:08:09','de0c7b2480494fda98db82f7a4707649',NULL,NULL,2,NULL,NULL);
/*!40000 ALTER TABLE `authority_resources` ENABLE KEYS */;
UNLOCK TABLES;

--
-- Dumping data for table `authority_role`
--

LOCK TABLES `authority_role` WRITE;
/*!40000 ALTER TABLE `authority_role` DISABLE KEYS */;
INSERT INTO `authority_role` VALUES ('6ad3d663a9074c3ba75e4c1a94266450','管理员',2,'2017-06-05 08:53:40','de0c7b2480494fda98db82f7a4707649',NULL,NULL,2,'77392eabc6fc4c959e1d1f6fdaf7e322',NULL,NULL),('6e706e377458450088d93ae664ab9fd5','后备员',2,'2017-06-05 09:57:58','de0c7b2480494fda98db82f7a4707649',NULL,NULL,2,'77392eabc6fc4c959e1d1f6fdaf7e322',NULL,NULL);
/*!40000 ALTER TABLE `authority_role` ENABLE KEYS */;
UNLOCK TABLES;

--
-- Dumping data for table `authority_role_resources_relation`
--

LOCK TABLES `authority_role_resources_relation` WRITE;
/*!40000 ALTER TABLE `authority_role_resources_relation` DISABLE KEYS */;
INSERT INTO `authority_role_resources_relation` VALUES ('6e706e377458450088d93ae664ab9fd5','48ef7e73d6914f10ab30ce2c036c4504','0242ddb3facd460d831270c077f1bba0','2017-06-05 09:59:00','de0c7b2480494fda98db82f7a4707649',NULL,NULL,2,2,NULL,NULL),('6e706e377458450088d93ae664ab9fd5','6a94cde7e09f421e93e05c59ef578337','03aa2c86869d4014a07d136b079234f8','2017-06-05 09:59:00','de0c7b2480494fda98db82f7a4707649',NULL,NULL,2,2,NULL,NULL),('6ad3d663a9074c3ba75e4c1a94266450','fed60c8eb5544007a3a436509950cdf4','071db1ac47224702a45980cdce546de6','2017-06-05 09:16:09','de0c7b2480494fda98db82f7a4707649',NULL,NULL,2,2,NULL,NULL),('6ad3d663a9074c3ba75e4c1a94266450','08f015f005494787b359c8466d672a6d','0861ae795bb346edacd06fc3f8eac04d','2017-06-05 09:16:09','de0c7b2480494fda98db82f7a4707649',NULL,NULL,2,2,NULL,NULL),('6ad3d663a9074c3ba75e4c1a94266450','fd39eca574904dc1bc4736550f807eaa','0c7dc3ebba664f0582880402f04c1a58','2017-06-05 09:16:09','de0c7b2480494fda98db82f7a4707649',NULL,NULL,2,2,NULL,NULL),('6ad3d663a9074c3ba75e4c1a94266450','118c5231a3e149bdab4baa7a3b09bdf9','0d300c7e20b3467dae758ce3341bf42c','2017-06-05 09:16:09','de0c7b2480494fda98db82f7a4707649',NULL,NULL,2,2,NULL,NULL),('6ad3d663a9074c3ba75e4c1a94266450','1ee9fba591494f8288bb79dceabb248f','0e2664b9fef44dd39fff109d961105ee','2017-06-05 09:16:09','de0c7b2480494fda98db82f7a4707649',NULL,NULL,2,2,NULL,NULL),('6e706e377458450088d93ae664ab9fd5','3aa38cfa8c7848089414b1038e014e6c','15782841d6fe4dcb8b014826298933c7','2017-06-05 09:59:00','de0c7b2480494fda98db82f7a4707649',NULL,NULL,2,2,NULL,NULL),('6ad3d663a9074c3ba75e4c1a94266450','f84785d721ca4a35a02fc9e89e9ced64','1d2db9cc68f94d43a881f1aea5a8c8bb','2017-06-05 09:16:09','de0c7b2480494fda98db82f7a4707649',NULL,NULL,2,2,NULL,NULL),('6ad3d663a9074c3ba75e4c1a94266450','2785c85e5bba4355afd059ad5a5ddd20','1d70e71198a04b40a1c9186314c203e3','2017-06-05 09:16:09','de0c7b2480494fda98db82f7a4707649',NULL,NULL,2,2,NULL,NULL),('6e706e377458450088d93ae664ab9fd5','57158cfe06f64bbb85f7040d999ec7e2','2040133f49904aacbc266e3a13f64874','2017-06-05 09:59:00','de0c7b2480494fda98db82f7a4707649',NULL,NULL,2,2,NULL,NULL),('6e706e377458450088d93ae664ab9fd5','1ee9fba591494f8288bb79dceabb248f','27e9770bc9a94de59cec5f464cc9b013','2017-06-05 09:59:00','de0c7b2480494fda98db82f7a4707649',NULL,NULL,2,2,NULL,NULL),('6ad3d663a9074c3ba75e4c1a94266450','431c2f793e624da698fb37e71e072183','2b374b2412884a74be9b1b1d72d6858b','2017-06-05 09:16:09','de0c7b2480494fda98db82f7a4707649',NULL,NULL,2,2,NULL,NULL),('6e706e377458450088d93ae664ab9fd5','118c5231a3e149bdab4baa7a3b09bdf9','2ca80836182546b6852d19237e061f89','2017-06-05 09:59:00','de0c7b2480494fda98db82f7a4707649',NULL,NULL,2,2,NULL,NULL),('6e706e377458450088d93ae664ab9fd5','d1120e4ed32445f8822d9ce1bcb28370','2d39375471b94093b81cc32db473d799','2017-06-05 09:59:00','de0c7b2480494fda98db82f7a4707649',NULL,NULL,2,2,NULL,NULL),('6e706e377458450088d93ae664ab9fd5','00e48db0cfb44b1d9a50edd68bea0b4c','3870a108c71a4b1583868d937f570923','2017-06-05 09:59:00','de0c7b2480494fda98db82f7a4707649',NULL,NULL,2,2,NULL,NULL),('6e706e377458450088d93ae664ab9fd5','3cec0d0e8ad4460da2ec7b0452202fb5','39e7cf76fe794ec2865a7e10ff8e9485','2017-06-05 09:59:00','de0c7b2480494fda98db82f7a4707649',NULL,NULL,2,2,NULL,NULL),('6ad3d663a9074c3ba75e4c1a94266450','09d7196f8669456d98f98f95c7901064','40ebde70c894462cacf099b840d598ba','2017-06-05 09:16:09','de0c7b2480494fda98db82f7a4707649',NULL,NULL,2,2,NULL,NULL),('6e706e377458450088d93ae664ab9fd5','f84785d721ca4a35a02fc9e89e9ced64','4192a8b90d934dcf8fc50268d7a6ce3e','2017-06-05 09:59:00','de0c7b2480494fda98db82f7a4707649',NULL,NULL,2,2,NULL,NULL),('6e706e377458450088d93ae664ab9fd5','08f015f005494787b359c8466d672a6d','43866515294345f5b43be7c90c8986d5','2017-06-05 09:59:00','de0c7b2480494fda98db82f7a4707649',NULL,NULL,2,2,NULL,NULL),('6e706e377458450088d93ae664ab9fd5','5aa4fe3416b84d3cba4ef10825a4b55e','44c417dda73c4590bab6f09bd19c38d0','2017-06-05 09:59:00','de0c7b2480494fda98db82f7a4707649',NULL,NULL,2,2,NULL,NULL),('6e706e377458450088d93ae664ab9fd5','c91b20235a9640fd853b077df24ae792','46d1b33e4b5c486199e482eb05def3f3','2017-06-05 09:59:00','de0c7b2480494fda98db82f7a4707649',NULL,NULL,2,2,NULL,NULL),('6ad3d663a9074c3ba75e4c1a94266450','26d2bf7209404d35a264fdf998a06f87','483c11aa620c4580944573a47ccf3868','2017-06-05 09:16:09','de0c7b2480494fda98db82f7a4707649',NULL,NULL,2,2,NULL,NULL),('6e706e377458450088d93ae664ab9fd5','955033fff51141d79d405ed17bea1058','4c2b98803f184712adec660e26cc68ae','2017-06-05 09:59:00','de0c7b2480494fda98db82f7a4707649',NULL,NULL,2,2,NULL,NULL),('6ad3d663a9074c3ba75e4c1a94266450','b869a5b1895e44cb84c9a411631dea55','4f24f31ffb2b4835bfb7daaa03ca267b','2017-06-05 09:16:09','de0c7b2480494fda98db82f7a4707649',NULL,NULL,2,2,NULL,NULL),('6ad3d663a9074c3ba75e4c1a94266450','6a94cde7e09f421e93e05c59ef578337','56c66c6de4e742d48d3f26275af57be8','2017-06-05 09:16:09','de0c7b2480494fda98db82f7a4707649',NULL,NULL,2,2,NULL,NULL),('6e706e377458450088d93ae664ab9fd5','09d7196f8669456d98f98f95c7901064','58a8bf21a52b44a4880545c201c1c680','2017-06-05 09:59:00','de0c7b2480494fda98db82f7a4707649',NULL,NULL,2,2,NULL,NULL),('6ad3d663a9074c3ba75e4c1a94266450','ed7bd54f66b546b4bbc77be42b66c99f','597564baad11478196fa7ef65ba029ce','2017-06-05 09:16:09','de0c7b2480494fda98db82f7a4707649',NULL,NULL,2,2,NULL,NULL),('6ad3d663a9074c3ba75e4c1a94266450','5005693323174073a84e4475b04d581c','5e64691a402c483caf4b7bffd880dac1','2017-06-05 09:16:09','de0c7b2480494fda98db82f7a4707649',NULL,NULL,2,2,NULL,NULL),('6e706e377458450088d93ae664ab9fd5','4dfb7bb156c541329b0afaa986d4abaf','5e7e65304322447c8bc1d7db02d41038','2017-06-05 09:59:00','de0c7b2480494fda98db82f7a4707649',NULL,NULL,2,2,NULL,NULL),('6ad3d663a9074c3ba75e4c1a94266450','4e899a30e84e4a4d9dbae4a0c2aa961c','635c509e12ae4cb0b4a89da8fa454021','2017-06-05 09:16:09','de0c7b2480494fda98db82f7a4707649',NULL,NULL,2,2,NULL,NULL),('6ad3d663a9074c3ba75e4c1a94266450','955033fff51141d79d405ed17bea1058','65fd2ef62692442fa029d18cb385d0a2','2017-06-05 09:16:09','de0c7b2480494fda98db82f7a4707649',NULL,NULL,2,2,NULL,NULL),('6ad3d663a9074c3ba75e4c1a94266450','a86eceaf4f7d47ecbe119ceb4ca4ebf1','67433db7bf534a32ba561ebb3530d7cd','2017-06-05 09:16:09','de0c7b2480494fda98db82f7a4707649',NULL,NULL,2,2,NULL,NULL),('6ad3d663a9074c3ba75e4c1a94266450','c91b20235a9640fd853b077df24ae792','6e39dfed20984ae896fb8d54661fe157','2017-06-05 09:16:09','de0c7b2480494fda98db82f7a4707649',NULL,NULL,2,2,NULL,NULL),('6ad3d663a9074c3ba75e4c1a94266450','4dfb7bb156c541329b0afaa986d4abaf','70c66f48bcc443e4b8f30c90150daff2','2017-06-05 09:16:09','de0c7b2480494fda98db82f7a4707649',NULL,NULL,2,2,NULL,NULL),('6e706e377458450088d93ae664ab9fd5','86b108c7760e4c9b9fc68c0b1017d814','72d5f9eb9b38495998500adac5188adb','2017-06-05 09:59:00','de0c7b2480494fda98db82f7a4707649',NULL,NULL,2,2,NULL,NULL),('6e706e377458450088d93ae664ab9fd5','ee7995b19ea646a99a438d9f8f3cfc14','7373c3de946b413d8f4d3c4a111d6bf5','2017-06-05 09:59:00','de0c7b2480494fda98db82f7a4707649',NULL,NULL,2,2,NULL,NULL),('6ad3d663a9074c3ba75e4c1a94266450','de2827e1cba649378a48f92c11bcfe94','79e5fe7e09a945ee906dbba040ae7967','2017-06-05 09:16:09','de0c7b2480494fda98db82f7a4707649',NULL,NULL,2,2,NULL,NULL),('6e706e377458450088d93ae664ab9fd5','ed7bd54f66b546b4bbc77be42b66c99f','7c1c673de6f4430fa4961f99cea9f90a','2017-06-05 09:59:00','de0c7b2480494fda98db82f7a4707649',NULL,NULL,2,2,NULL,NULL),('6ad3d663a9074c3ba75e4c1a94266450','d5950d89d4c340f89f00141274c5fabc','7cf868a4862644e2afcef22fbc89643b','2017-06-05 09:16:09','de0c7b2480494fda98db82f7a4707649',NULL,NULL,2,2,NULL,NULL),('6ad3d663a9074c3ba75e4c1a94266450','4944df2787f746baa7b67735864b9dd7','7de3abd01e1e4093a87cf095d627fc62','2017-06-05 09:16:09','de0c7b2480494fda98db82f7a4707649',NULL,NULL,2,2,NULL,NULL),('6e706e377458450088d93ae664ab9fd5','e0b9f57d1e3446f99f764d310772f0b0','86cc87c051f14531988a8929f64d3f4a','2017-06-05 09:59:00','de0c7b2480494fda98db82f7a4707649',NULL,NULL,2,2,NULL,NULL),('6ad3d663a9074c3ba75e4c1a94266450','57158cfe06f64bbb85f7040d999ec7e2','91ba71e848c04713bdcecb2c4f0f62a1','2017-06-05 09:16:09','de0c7b2480494fda98db82f7a4707649',NULL,NULL,2,2,NULL,NULL),('6ad3d663a9074c3ba75e4c1a94266450','ccd8a026498249cabcba2bcb8f37da96','98fda5c669e34ad3bad382c32242b7cc','2017-06-05 09:16:09','de0c7b2480494fda98db82f7a4707649',NULL,NULL,2,2,NULL,NULL),('6ad3d663a9074c3ba75e4c1a94266450','4cbc5488375f483fa18a7021e8c45874','9c280affb8164d4ca7db9bf1e93d5ab4','2017-06-05 09:16:09','de0c7b2480494fda98db82f7a4707649',NULL,NULL,2,2,NULL,NULL),('6ad3d663a9074c3ba75e4c1a94266450','ed89dd38c6ce4a4d8016dbe254650617','9ed70d2f0abc4845ae8e24f350b3da11','2017-06-05 09:16:09','de0c7b2480494fda98db82f7a4707649',NULL,NULL,2,2,NULL,NULL),('6e706e377458450088d93ae664ab9fd5','10930467401b4d4eae93b37e7ac63a7b','9fa20c1b1be24009b21db34488c02469','2017-06-05 09:59:00','de0c7b2480494fda98db82f7a4707649',NULL,NULL,2,2,NULL,NULL),('6e706e377458450088d93ae664ab9fd5','4fadc803584b43ee83ada262a44fa17d','a341c4efd3f64113a2f81d693f40e38d','2017-06-05 09:59:00','de0c7b2480494fda98db82f7a4707649',NULL,NULL,2,2,NULL,NULL),('6ad3d663a9074c3ba75e4c1a94266450','48ef7e73d6914f10ab30ce2c036c4504','a4e432bc011b48cbbc5ec6ac877d2d22','2017-06-05 09:16:09','de0c7b2480494fda98db82f7a4707649',NULL,NULL,2,2,NULL,NULL),('6ad3d663a9074c3ba75e4c1a94266450','ee7995b19ea646a99a438d9f8f3cfc14','abc0ddecf7914d6b8aa5764f536f3949','2017-06-05 09:16:09','de0c7b2480494fda98db82f7a4707649',NULL,NULL,2,2,NULL,NULL),('6ad3d663a9074c3ba75e4c1a94266450','ae55b8e5d78f4b8a941be25fd47397e3','b08c49e37de149b4b3ea036d5800aac0','2017-06-05 09:16:09','de0c7b2480494fda98db82f7a4707649',NULL,NULL,2,2,NULL,NULL),('6e706e377458450088d93ae664ab9fd5','2785c85e5bba4355afd059ad5a5ddd20','babb3aee889941d8a8e1eba01288d1fb','2017-06-05 09:59:00','de0c7b2480494fda98db82f7a4707649',NULL,NULL,2,2,NULL,NULL),('6e706e377458450088d93ae664ab9fd5','26d2bf7209404d35a264fdf998a06f87','bbfb9fe77ea640218890e03f347c0408','2017-06-05 09:59:00','de0c7b2480494fda98db82f7a4707649',NULL,NULL,2,2,NULL,NULL),('6e706e377458450088d93ae664ab9fd5','fd39eca574904dc1bc4736550f807eaa','bc6d0025e2314ee8837da2ec8e3396f0','2017-06-05 09:59:00','de0c7b2480494fda98db82f7a4707649',NULL,NULL,2,2,NULL,NULL),('6e706e377458450088d93ae664ab9fd5','de2827e1cba649378a48f92c11bcfe94','bce38e7f1a35471d9ea57ec090785fd9','2017-06-05 09:59:00','de0c7b2480494fda98db82f7a4707649',NULL,NULL,2,2,NULL,NULL),('6ad3d663a9074c3ba75e4c1a94266450','3cec0d0e8ad4460da2ec7b0452202fb5','bdad670cc3974a7287e9c8662654de70','2017-06-05 09:16:09','de0c7b2480494fda98db82f7a4707649',NULL,NULL,2,2,NULL,NULL),('6ad3d663a9074c3ba75e4c1a94266450','4fadc803584b43ee83ada262a44fa17d','bde3c61fd0dc4c3f97edf67f08ba30e8','2017-06-05 09:16:09','de0c7b2480494fda98db82f7a4707649',NULL,NULL,2,2,NULL,NULL),('6ad3d663a9074c3ba75e4c1a94266450','9475ce6e373f4c838eddfcb89b4a9247','c3aeede8daba49e7813c78f711e4c677','2017-06-05 09:16:09','de0c7b2480494fda98db82f7a4707649',NULL,NULL,2,2,NULL,NULL),('6ad3d663a9074c3ba75e4c1a94266450','10930467401b4d4eae93b37e7ac63a7b','c6d1ed0e75a3404b8dee2bc9fc498b70','2017-06-05 09:16:09','de0c7b2480494fda98db82f7a4707649',NULL,NULL,2,2,NULL,NULL),('6e706e377458450088d93ae664ab9fd5','ed89dd38c6ce4a4d8016dbe254650617','c98ad9138b2b40df9e09a63b9d243dd0','2017-06-05 09:59:00','de0c7b2480494fda98db82f7a4707649',NULL,NULL,2,2,NULL,NULL),('6e706e377458450088d93ae664ab9fd5','aec41d16fe084143824331ee18e31510','cc6a62e23bc7492fa3732b91d125339e','2017-06-05 09:59:00','de0c7b2480494fda98db82f7a4707649',NULL,NULL,2,2,NULL,NULL),('6e706e377458450088d93ae664ab9fd5','4cbc5488375f483fa18a7021e8c45874','cf5fb8b8d66e44c1b73dc33faf7162ae','2017-06-05 09:59:00','de0c7b2480494fda98db82f7a4707649',NULL,NULL,2,2,NULL,NULL),('6ad3d663a9074c3ba75e4c1a94266450','51ba8485f90449448c3c286372bf424c','d024c01dcc1a48beb07081147939279d','2017-06-05 09:16:09','de0c7b2480494fda98db82f7a4707649',NULL,NULL,2,2,NULL,NULL),('6e706e377458450088d93ae664ab9fd5','4944df2787f746baa7b67735864b9dd7','db414eeaf3e6489abbf20980096b373a','2017-06-05 09:59:00','de0c7b2480494fda98db82f7a4707649',NULL,NULL,2,2,NULL,NULL),('6ad3d663a9074c3ba75e4c1a94266450','d1120e4ed32445f8822d9ce1bcb28370','de041429c6234bdaa61c11e606e140cb','2017-06-05 09:16:09','de0c7b2480494fda98db82f7a4707649',NULL,NULL,2,2,NULL,NULL),('6ad3d663a9074c3ba75e4c1a94266450','86b108c7760e4c9b9fc68c0b1017d814','e0bcec6cd22a44b5933bb0ae045563eb','2017-06-05 09:16:09','de0c7b2480494fda98db82f7a4707649',NULL,NULL,2,2,NULL,NULL),('6ad3d663a9074c3ba75e4c1a94266450','5aa4fe3416b84d3cba4ef10825a4b55e','e386018f3b6c4b3482a691e4599b0f75','2017-06-05 09:16:09','de0c7b2480494fda98db82f7a4707649',NULL,NULL,2,2,NULL,NULL),('6e706e377458450088d93ae664ab9fd5','a86eceaf4f7d47ecbe119ceb4ca4ebf1','e660cc590ea14611aab07d51ff380109','2017-06-05 09:59:00','de0c7b2480494fda98db82f7a4707649',NULL,NULL,2,2,NULL,NULL),('6ad3d663a9074c3ba75e4c1a94266450','3aa38cfa8c7848089414b1038e014e6c','e702321ac12f41c79134087b7d28da35','2017-06-05 09:16:09','de0c7b2480494fda98db82f7a4707649',NULL,NULL,2,2,NULL,NULL),('6ad3d663a9074c3ba75e4c1a94266450','310942a991dd4900a032bb22f54dca50','f0aa02b9ac364b11a7c452f26f979634','2017-06-05 09:16:09','de0c7b2480494fda98db82f7a4707649',NULL,NULL,2,2,NULL,NULL),('6ad3d663a9074c3ba75e4c1a94266450','aec41d16fe084143824331ee18e31510','f1ea15546e5c4077a7dc5b721d7f5cfb','2017-06-05 09:16:09','de0c7b2480494fda98db82f7a4707649',NULL,NULL,2,2,NULL,NULL),('6ad3d663a9074c3ba75e4c1a94266450','00e48db0cfb44b1d9a50edd68bea0b4c','f4f4f05c4c794353bbf657d8c02b47a0','2017-06-05 09:16:09','de0c7b2480494fda98db82f7a4707649',NULL,NULL,2,2,NULL,NULL),('6ad3d663a9074c3ba75e4c1a94266450','e0b9f57d1e3446f99f764d310772f0b0','f51a69701bb04a8a901a37637861bf47','2017-06-05 09:16:09','de0c7b2480494fda98db82f7a4707649',NULL,NULL,2,2,NULL,NULL),('6e706e377458450088d93ae664ab9fd5','9475ce6e373f4c838eddfcb89b4a9247','f5fc10f102ff4a408b359e27e5404d48','2017-06-05 09:59:00','de0c7b2480494fda98db82f7a4707649',NULL,NULL,2,2,NULL,NULL),('6e706e377458450088d93ae664ab9fd5','fed60c8eb5544007a3a436509950cdf4','fd2ec5f6ace140f2b8b74eaf8bdc3e46','2017-06-05 09:59:00','de0c7b2480494fda98db82f7a4707649',NULL,NULL,2,2,NULL,NULL),('6ad3d663a9074c3ba75e4c1a94266450','3d338f5cc063490f8eede33544d08d3e','fe8eab2d6d694deaa539e71f68c8a3f4','2017-06-05 09:16:09','de0c7b2480494fda98db82f7a4707649',NULL,NULL,2,2,NULL,NULL);
/*!40000 ALTER TABLE `authority_role_resources_relation` ENABLE KEYS */;
UNLOCK TABLES;

--
-- Dumping data for table `authority_user`
--

LOCK TABLES `authority_user` WRITE;
/*!40000 ALTER TABLE `authority_user` DISABLE KEYS */;
INSERT INTO `authority_user` VALUES ('a7855ed793de4eb3b22fd1fa2dd38c1f','admin','858:5b42403334646430626563:06f3665eedd62bff6c5565dc985a6a219d878fe2d6f6e9685b5400356ef7c7fa5ae833f2f4e4becfa73448fb4c88e3e24df576842259fec16af73ac50e9ac584','1416236046@qq.com','15811255489',2,'2017-06-05 08:53:25','de0c7b2480494fda98db82f7a4707649',NULL,NULL,1,1,2,NULL,NULL),('ea5f8f5441b5443c841cafcd05d5716e','backup','424:5b42403532613634356633:f24cda9d68ca215bedb40741d51f253d184fe8cc55e0e704362d702952529e955c77e7ba937bb6f6f5acc765c72568cd5e6f4978e62caa7ec30db795291ae046','wangxiaojun_email@163.com','15811255488',2,'2017-06-05 09:57:28','de0c7b2480494fda98db82f7a4707649',NULL,NULL,1,1,2,NULL,NULL);
/*!40000 ALTER TABLE `authority_user` ENABLE KEYS */;
UNLOCK TABLES;

--
-- Dumping data for table `authority_user_role_relation`
--

LOCK TABLES `authority_user_role_relation` WRITE;
/*!40000 ALTER TABLE `authority_user_role_relation` DISABLE KEYS */;
INSERT INTO `authority_user_role_relation` VALUES ('5ff1ce388fff4f4a86bed9c4664ea3e7','a7855ed793de4eb3b22fd1fa2dd38c1f','6ad3d663a9074c3ba75e4c1a94266450','2017-06-05 09:15:43','de0c7b2480494fda98db82f7a4707649',NULL,NULL,2,NULL,NULL),('b285b3c5d67745af9b3d51f2e712cc51','ea5f8f5441b5443c841cafcd05d5716e','6e706e377458450088d93ae664ab9fd5','2017-06-05 09:58:11','de0c7b2480494fda98db82f7a4707649',NULL,NULL,2,NULL,NULL);
/*!40000 ALTER TABLE `authority_user_role_relation` ENABLE KEYS */;
UNLOCK TABLES;

--
-- Dumping data for table `platform`
--

LOCK TABLES `platform` WRITE;
/*!40000 ALTER TABLE `platform` DISABLE KEYS */;
INSERT INTO `platform` VALUES ('77392eabc6fc4c959e1d1f6fdaf7e322','权限平台','AUTHORITY','authority.com','2017-06-05 08:52:53','de0c7b2480494fda98db82f7a4707649',NULL,NULL,1,2,NULL,NULL);
/*!40000 ALTER TABLE `platform` ENABLE KEYS */;
UNLOCK TABLES;

--
-- Dumping routines for database 'authority'
--
/*!50003 DROP PROCEDURE IF EXISTS `createChildList` */;
/*!50003 SET @saved_cs_client      = @@character_set_client */ ;
/*!50003 SET @saved_cs_results     = @@character_set_results */ ;
/*!50003 SET @saved_col_connection = @@collation_connection */ ;
/*!50003 SET character_set_client  = utf8 */ ;
/*!50003 SET character_set_results = utf8 */ ;
/*!50003 SET collation_connection  = utf8_general_ci */ ;
/*!50003 SET @saved_sql_mode       = @@sql_mode */ ;
/*!50003 SET sql_mode              = 'STRICT_TRANS_TABLES,NO_ENGINE_SUBSTITUTION' */ ;
DELIMITER ;;
CREATE DEFINER=`root`@`localhost` PROCEDURE `createChildList`(IN rootId VARCHAR(32),IN nDepth INT)
BEGIN
  DECLARE done INT DEFAULT 0;
  DECLARE b VARCHAR(32);
  DECLARE cur1 CURSOR FOR SELECT resource_uuid FROM authority_resources where resource_parent_uuid=rootId;
  DECLARE CONTINUE HANDLER FOR NOT FOUND SET done = 1;
  
  insert into treeTmpList values (null,rootId,nDepth);
  SET @@max_sp_recursion_depth = 100;
  
  OPEN cur1;
  
  FETCH cur1 INTO b;
  WHILE done = 0 DO
      CALL createChildList(b,nDepth+1);
      FETCH cur1 INTO b;
  END WHILE;
  
  CLOSE cur1;
  END ;;
DELIMITER ;
/*!50003 SET sql_mode              = @saved_sql_mode */ ;
/*!50003 SET character_set_client  = @saved_cs_client */ ;
/*!50003 SET character_set_results = @saved_cs_results */ ;
/*!50003 SET collation_connection  = @saved_col_connection */ ;
/*!50003 DROP PROCEDURE IF EXISTS `showChildList` */;
/*!50003 SET @saved_cs_client      = @@character_set_client */ ;
/*!50003 SET @saved_cs_results     = @@character_set_results */ ;
/*!50003 SET @saved_col_connection = @@collation_connection */ ;
/*!50003 SET character_set_client  = utf8 */ ;
/*!50003 SET character_set_results = utf8 */ ;
/*!50003 SET collation_connection  = utf8_general_ci */ ;
/*!50003 SET @saved_sql_mode       = @@sql_mode */ ;
/*!50003 SET sql_mode              = 'STRICT_TRANS_TABLES,NO_ENGINE_SUBSTITUTION' */ ;
DELIMITER ;;
CREATE DEFINER=`root`@`localhost` PROCEDURE `showChildList`(IN rootId VARCHAR(32))
BEGIN
  CREATE TEMPORARY TABLE IF NOT EXISTS treeTmpList
  (treeid int primary key auto_increment,id VARCHAR(32),depth int);
  DELETE FROM treeTmpList;
  
  CALL createChildList(rootId,0);
  
  select resource.* from treeTmpList tree,authority_resources resource where tree.id=resource.resource_uuid order by tree.treeid;
  END ;;
DELIMITER ;
/*!50003 SET sql_mode              = @saved_sql_mode */ ;
/*!50003 SET character_set_client  = @saved_cs_client */ ;
/*!50003 SET character_set_results = @saved_cs_results */ ;
/*!50003 SET collation_connection  = @saved_col_connection */ ;
/*!40103 SET TIME_ZONE=@OLD_TIME_ZONE */;

/*!40101 SET SQL_MODE=@OLD_SQL_MODE */;
/*!40014 SET FOREIGN_KEY_CHECKS=@OLD_FOREIGN_KEY_CHECKS */;
/*!40014 SET UNIQUE_CHECKS=@OLD_UNIQUE_CHECKS */;
/*!40101 SET CHARACTER_SET_CLIENT=@OLD_CHARACTER_SET_CLIENT */;
/*!40101 SET CHARACTER_SET_RESULTS=@OLD_CHARACTER_SET_RESULTS */;
/*!40101 SET COLLATION_CONNECTION=@OLD_COLLATION_CONNECTION */;
/*!40111 SET SQL_NOTES=@OLD_SQL_NOTES */;

-- Dump completed on 2017-06-05 15:19:41
